id,id_dishes,id_products,weight_product
1,1,3,88.05586804057621
2,1,11,71.91022993063251
3,1,13,77.25517618772544
4,1,28,75.62518384014533
5,1,40,4.070042790080905
6,1,42,42.72298141855706
7,1,43,18.577558600979597
8,1,63,17.01755982234608
9,1,65,99.06096424494567
10,1,66,25.736388431714104
11,1,67,26.393920978142248
12,1,68,24.85116229081128
13,1,69,10.97438540940158
14,1,72,11.004887473312486
15,1,77,35.46495777688225
16,1,79,51.55265955664115
17,1,85,14.229794892565378
18,1,86,27.312324662038574
19,1,87,36.740286499014104
20,2,12,7.160936873748083
21,2,19,80.8965014147499
22,2,20,7.563563887904452
23,2,24,17.029026949910964
24,2,25,87.30688495904883
25,2,31,7.854407872012618
26,2,32,31.813620572227464
27,2,34,72.25836565967319
28,2,37,4.897441119673936
29,2,40,11.102512628473745
30,2,53,76.48143337175551
31,2,59,85.40764208875648
32,2,60,45.394267309239844
33,2,70,86.41075662220142
34,2,71,78.03253683131224
35,2,89,30.177709464814956
36,2,97,0.23551864781093992
37,2,99,86.13818206217508
38,3,3,49.2376790866492
39,3,7,58.10078540768962
40,3,15,49.773129986017786
41,3,20,57.322297299904456
42,3,21,89.8641462927404
43,3,23,15.480051738874602
44,3,28,15.820198646835516
45,3,30,20.08861493249466
46,3,33,25.693393633720127
47,3,36,87.36796122900903
48,3,40,59.67575592256094
49,3,41,70.4440736511335
50,3,42,58.39073376740862
51,3,43,89.45646419046724
52,3,44,98.61422931006523
53,3,46,31.904232767922302
54,3,48,36.737225458913606
55,3,50,84.53796547192404
56,3,58,15.899023275121573
57,3,59,0.6146487233662246
58,3,60,99.54674704850294
59,3,62,88.34889546878031
60,3,65,48.153164759868126
61,3,70,47.92145662349527
62,3,71,87.56260787187752
63,3,80,29.89896428557654
64,3,82,80.08304558780968
65,3,87,78.00180821402427
66,3,88,78.94111253057869
67,3,89,67.32844519560928
68,3,92,71.69095730852143
69,3,93,66.6139029901628
70,4,4,84.58257554156413
71,4,15,55.72167033058736
72,4,21,63.482757467220665
73,4,45,70.7951675837185
74,4,49,86.37457397315036
75,4,52,34.98344954759839
76,4,66,52.20501005365889
77,4,72,11.661658476301724
78,4,76,18.916374294047138
79,4,78,82.50566472222361
80,4,86,47.2773672010387
81,4,87,46.039278945572605
82,4,94,50.48343733447776
83,5,1,2.0083438916899854
84,5,7,8.989111552636972
85,5,8,34.46173989168549
86,5,10,32.69243004394263
87,5,11,23.806072965703027
88,5,13,47.665524172184945
89,5,19,46.85039500061116
90,5,27,79.48860070162439
91,5,29,82.65920987545285
92,5,46,6.146844074590465
93,5,66,55.50292429187509
94,5,67,0.8987456297904782
95,5,69,86.00207890438632
96,5,73,91.22575661121475
97,5,79,80.67624239444339
98,5,83,78.53871113868028
99,5,86,56.585942866609
100,5,90,41.936821446524185
101,6,3,14.043948684825086
102,6,7,23.735334000030864
103,6,18,81.04934920959913
104,6,23,15.540292324875358
105,6,26,11.397325821655267
106,6,27,33.80113350174845
107,6,29,83.56844897957805
108,6,35,93.14226983682107
109,6,36,10.439832824935603
110,6,40,50.39100547546869
111,6,43,92.65071847211928
112,6,45,39.23194701286112
113,6,50,43.04212619283739
114,6,52,10.686337893123314
115,6,56,55.545635604983644
116,6,57,33.82268855043731
117,6,60,28.95559056378622
118,6,69,92.04676276465398
119,6,82,36.51528368273583
120,6,86,78.78419672441039
121,6,93,87.00052384043644
122,6,94,78.31396215219617
123,6,95,95.66785187124559
124,7,4,70.58069150033771
125,7,9,90.47931096904472
126,7,13,47.574818322209154
127,7,37,61.649746874678065
128,7,39,19.747070965669813
129,7,43,63.661615492428936
130,7,44,92.14138024679144
131,7,45,14.334269622131389
132,7,52,64.29301056930497
133,7,61,40.509284824183105
134,7,73,53.05507358174965
135,7,77,4.332752559994956
136,7,81,4.498054935149372
137,7,89,81.82703885558719
138,7,97,60.336687557887984
139,8,4,60.68569403354323
140,8,5,83.58704836231381
141,8,6,65.4175257596494
142,8,11,12.595914281911258
143,8,13,18.17904283127598
144,8,16,69.6921068648827
145,8,22,4.893828774882154
146,8,27,42.57852252877213
147,8,29,91.64506404486029
148,8,31,92.17462028158921
149,8,33,87.58309157963787
150,8,42,85.9522446855703
151,8,53,69.00878824847625
152,8,63,7.0154001525045455
153,8,67,36.31584997748263
154,8,70,63.59972541793479
155,8,71,55.55522815146752
156,8,79,54.612115320319525
157,8,84,70.09724270732899
158,8,88,11.393906925306865
159,8,89,70.64815865922222
160,8,96,44.23977378854802
161,8,100,64.1302852614994
162,9,22,48.25079546853317
163,9,23,58.09959189277127
164,9,25,45.82729266240678
165,9,26,51.914390078634895
166,9,38,32.80923942440866
167,9,52,94.91749320105974
168,9,61,85.94433440106297
169,9,66,60.99580530493233
170,9,79,11.287678361409782
171,9,82,97.28504693579288
172,9,84,49.4235143802247
173,9,85,33.28997640020118
174,9,88,44.94639409208137
175,9,91,53.295928140222514
176,9,93,29.245900926886147
177,10,14,21.40916109469837
178,10,15,48.53669890298284
179,10,27,62.113021145724574
180,10,34,50.69251780298058
181,10,40,70.32122674192061
182,10,41,73.94135146222689
183,10,46,29.115739952868385
184,10,49,14.789446024853302
185,10,56,34.276752877241876
186,10,65,56.981168783169316
187,10,66,59.99135785209998
188,10,73,41.07090061601592
189,10,81,11.600835279994666
190,10,88,93.82926011131912
191,10,95,52.05009261019827
192,10,96,74.19532286210256
193,11,9,39.93216782572219
194,11,12,96.56923643001127
195,11,20,7.686410924745128
196,11,32,60.58482255867598
197,11,33,1.1929748481906413
198,11,43,38.576267958608625
199,11,51,17.27958102893434
200,11,56,30.799283901281704
201,11,59,18.170524859185633
202,11,60,57.94568753343643
203,11,71,82.11044999996501
204,11,86,48.28081368483911
205,11,87,55.37190015803509
206,11,89,5.44898900566644
207,11,92,12.935331895174565
208,11,95,91.4834952077303
209,11,98,68.51781224899372
210,11,99,50.028183327218926
211,12,7,68.52618051425732
212,12,8,15.14443347717629
213,12,25,86.6169838734657
214,12,28,45.335785278601
215,12,40,86.71788140067025
216,12,45,45.205070463910296
217,12,53,22.021938148552625
218,12,66,18.53293842608076
219,12,70,93.63646940211038
220,12,71,20.25088350143989
221,12,73,19.586938126301625
222,12,80,38.37807735996462
223,12,81,9.842005651640061
224,12,85,2.2299004024164986
225,12,86,21.718379933740497
226,12,92,57.66971915853408
227,12,95,73.03777905708557
228,13,4,93.46567404459141
229,13,10,53.92248525807543
230,13,12,93.2286281734143
231,13,17,69.17074940261719
232,13,19,3.657063603603036
233,13,25,73.48420580323211
234,13,39,30.733801840166446
235,13,45,40.76885488039508
236,13,48,38.035585339363124
237,13,55,28.631211618370546
238,13,59,59.47027953374862
239,13,66,68.69562965605706
240,13,69,92.31814007163807
241,13,71,93.918974730606
242,13,78,26.56158940575765
243,13,83,6.730907102584898
244,13,89,80.7356932674267
245,13,94,68.63289532667403
246,13,96,80.01833765256117
247,14,3,5.075900272868509
248,14,7,23.982568372857404
249,14,14,87.17732220672487
250,14,31,97.99163885232764
251,14,35,54.282065984923484
252,14,36,3.3988002019889487
253,14,37,0.7000660438628874
254,14,38,38.30380941954356
255,14,53,41.60316441782448
256,14,56,72.94911576402856
257,14,59,50.07118928181605
258,14,67,1.8375289350253994
259,14,72,16.320204652540347
260,14,75,0.4958016335643214
261,14,78,27.83610754501509
262,14,79,22.365866343720942
263,14,80,3.3066033979883533
264,14,81,9.18157361087183
265,14,83,80.60586706478328
266,14,88,59.99414069468904
267,14,98,86.29861210989861
268,15,6,86.8029101340921
269,15,10,99.44016957463026
270,15,13,89.99975447771173
271,15,16,81.20871204961911
272,15,20,97.67600765576744
273,15,25,37.09244597916798
274,15,34,42.85550039781594
275,15,36,41.43720114679464
276,15,41,30.972123221920775
277,15,43,61.42311807252104
278,15,49,75.7853212798268
279,15,54,20.214331156529315
280,15,60,98.93512911048889
281,15,61,64.85666685956711
282,15,63,20.318258684071342
283,15,64,34.371988996199065
284,15,66,9.265134606331419
285,15,69,66.16270900825278
286,15,73,10.636119580292188
287,15,75,95.1022664004515
288,15,77,59.811525559183444
289,15,79,38.11420596363987
290,15,80,65.99564307206568
291,15,84,81.55554612869007
292,15,88,50.89813836049336
293,15,90,20.687108279094574
294,15,91,93.02598801967788
295,15,94,11.356022043843812
296,15,95,4.224305277470119
297,15,97,39.44636190018974
298,16,1,81.69364012532822
299,16,3,44.77414036311879
300,16,12,91.5857271621804
301,16,13,78.67743688719953
302,16,14,93.93226257442956
303,16,18,54.74533278443203
304,16,24,22.172807747310742
305,16,26,46.73090377759882
306,16,32,61.425805051996086
307,16,36,65.68783789097252
308,16,37,8.355923530931712
309,16,39,66.49324358985223
310,16,42,42.90218537561902
311,16,45,46.42805444764221
312,16,50,18.580197861734746
313,16,53,79.0689273057585
314,16,58,40.839235514366
315,16,60,56.36193863412332
316,16,63,21.964381391128676
317,16,64,55.84538202278649
318,16,65,3.4047146791476286
319,16,73,22.18212681395375
320,16,74,97.92123751086157
321,16,82,55.6970151621163
322,16,89,74.06092987738053
323,16,94,6.398886426436496
324,16,99,41.74937929460443
325,17,5,23.07870374184401
326,17,12,17.336237541458843
327,17,18,58.73291712716719
328,17,24,14.923440688394999
329,17,26,3.0729311905341707
330,17,36,53.17408059701271
331,17,37,16.654946896207758
332,17,47,32.664100017484685
333,17,57,54.671938404607744
334,17,61,58.41551946481597
335,17,62,9.767529545531158
336,17,65,80.24481731378191
337,17,70,24.279874663731828
338,17,76,44.03160346780837
339,17,78,49.00902726464227
340,17,82,10.959653863805809
341,17,87,70.71654526669703
342,17,90,41.38335640754133
343,17,91,30.805721009263223
344,17,94,21.231355992494844
345,17,95,62.95113760885264
346,18,12,17.584589840706204
347,18,17,28.419436405052593
348,18,33,76.7524637431673
349,18,46,39.204081800907794
350,18,47,67.81558762495777
351,18,49,1.902592045748191
352,18,56,93.55398331553431
353,18,63,69.96481027990654
354,18,71,0.5973269475139289
355,18,73,63.598953045577744
356,18,74,67.87409692992838
357,18,77,12.26160445117811
358,18,80,55.80315152203311
359,18,86,43.65654479575518
360,18,89,32.54670802594415
361,18,94,14.461246949436044
362,18,96,47.03844971064879
363,19,7,97.77587186753004
364,19,18,44.086460143596184
365,19,25,55.489416559309284
366,19,27,80.22517613772142
367,19,28,25.663576333391422
368,19,31,47.2160461390919
369,19,32,34.480282592701236
370,19,33,82.2266714057954
371,19,43,24.571329330894883
372,19,49,30.056541816862715
373,19,50,71.74229473816125
374,19,54,52.71445832902534
375,19,63,97.72794288698998
376,19,75,12.445936228867632
377,19,78,30.166627271511974
378,19,93,48.38710279195841
379,19,95,94.794200145185
380,20,1,53.47423319961419
381,20,5,10.237148006534099
382,20,8,38.394902880733035
383,20,12,96.32755383351875
384,20,14,19.019140495984548
385,20,19,48.941160724196834
386,20,22,49.106588229120085
387,20,24,43.74884360668463
388,20,28,53.39907358494958
389,20,38,40.709798313207486
390,20,43,0.7055794297545774
391,20,44,87.48083233974909
392,20,45,96.32919481034573
393,20,47,91.53390230886109
394,20,49,73.01613092233225
395,20,50,39.73977700725851
396,20,52,73.64151199217585
397,20,54,6.857897167950713
398,20,55,86.91039294336565
399,20,57,43.40452542921155
400,20,69,15.029972504463732
401,20,71,16.36272083785169
402,20,75,66.32325555057231
403,20,76,33.94591040447176
404,20,82,6.743797576296744
405,20,85,46.76313864045421
406,20,86,14.193583585590574
407,20,93,79.71027920096552
408,20,95,12.525904728948044
409,20,98,92.50487212922579
410,21,14,9.487177476546897
411,21,17,68.69893551184202
412,21,19,7.027775620553768
413,21,23,98.30007345656036
414,21,42,23.367792500996874
415,21,43,99.10972340418263
416,21,45,84.28728348152413
417,21,54,24.51076784755013
418,21,58,11.169302435613103
419,21,73,27.97918817115395
420,21,76,89.87825313938254
421,21,77,58.34862369094028
422,21,87,95.72902496161677
423,21,88,19.81293969176604
424,21,91,13.30231486880077
425,22,13,92.96302446995233
426,22,14,61.83420046709042
427,22,17,44.40554037017161
428,22,27,79.22303363643307
429,22,29,45.71788020875137
430,22,35,13.210205788315426
431,22,40,65.8465792739523
432,22,43,68.75190560172312
433,22,44,71.58486264630983
434,22,50,86.27574235311266
435,22,51,26.333504061049656
436,22,54,28.623727294286514
437,22,59,61.878450024741646
438,22,60,58.79930146332319
439,22,64,35.71068756518007
440,22,66,75.4556430604125
441,22,67,62.801160800770376
442,22,77,22.794415519892116
443,22,78,33.56444056930115
444,22,88,65.83511081507169
445,22,92,38.12257223131511
446,22,100,99.21184865131814
447,23,1,97.46539378580565
448,23,7,52.67716304360371
449,23,9,46.33765504684591
450,23,21,29.623252473944984
451,23,29,93.63075429663263
452,23,31,83.14785983864434
453,23,39,48.54854626192523
454,23,45,58.86601701734106
455,23,48,39.94053755109171
456,23,49,91.79042414114812
457,23,58,57.73683085508515
458,23,65,93.23555323645537
459,23,66,37.02045695092607
460,23,69,4.140878278668506
461,23,75,21.74762312727537
462,23,79,4.0530370590210625
463,23,80,70.39962628636259
464,23,87,51.095968381188015
465,23,98,10.203056672926952
466,24,1,8.780857116702544
467,24,3,4.761560894202561
468,24,11,46.34058564602003
469,24,15,98.40531085223087
470,24,30,96.40762359349911
471,24,34,64.2599421649629
472,24,38,58.61868154860041
473,24,44,37.54275226861635
474,24,49,44.970429303457635
475,24,53,48.795797073043204
476,24,54,48.99936202593549
477,24,58,31.334770483790795
478,24,67,77.40335006170905
479,24,71,0.42106254172740953
480,24,73,71.34154127229318
481,24,79,74.38379148729969
482,24,80,63.551602157067734
483,24,81,70.08340043297295
484,24,84,15.117635589521711
485,24,86,90.77083226000126
486,24,88,31.51239575255976
487,24,92,73.59689543252945
488,25,4,33.73383388806248
489,25,6,0.6649026200101993
490,25,9,23.60635138854857
491,25,10,81.9819588399956
492,25,13,45.758497674146106
493,25,14,50.0681615678743
494,25,15,16.34712069040923
495,25,16,86.20082958357939
496,25,18,97.95050628610174
497,25,24,60.91922776549948
498,25,26,63.50130756520375
499,25,29,13.453755868019728
500,25,30,87.57989046929154
501,25,31,55.30968908987289
502,25,41,33.10804108148182
503,25,42,50.64773738051377
504,25,47,92.12036488337984
505,25,54,32.02752860407233
506,25,57,4.358446115863411
507,25,59,82.62080861447454
508,25,63,80.98667515773417
509,25,81,17.448016242394036
510,25,90,89.46569197000215
511,25,97,28.451410780870713
512,26,6,66.18863316603101
513,26,12,88.29719581494241
514,26,13,30.68818175054714
515,26,14,53.570137228651134
516,26,18,90.45501187737678
517,26,33,86.99522569297184
518,26,36,72.58670622818855
519,26,59,59.07727416249221
520,26,62,30.89746907247766
521,26,66,25.059521638792145
522,26,73,24.75942588523456
523,26,84,74.96485683688012
524,26,86,8.107846805845847
525,26,87,4.284755106161429
526,26,95,96.91428381953742
527,27,15,51.41338701806401
528,27,29,2.514053914485447
529,27,30,99.3390036338068
530,27,31,8.561114897695905
531,27,33,80.41224830228792
532,27,34,20.917243176153814
533,27,41,94.1054033437334
534,27,46,58.476097302334736
535,27,51,39.27458546863383
536,27,52,44.09636675532502
537,27,55,70.18165945499969
538,27,58,99.9655998396527
539,27,59,2.8780984010312545
540,27,61,16.394521662819784
541,27,66,46.01814023750873
542,27,71,69.19766978940008
543,27,73,52.27400168175436
544,27,75,29.57478384108411
545,27,78,76.9956485937294
546,27,85,26.1713102748655
547,27,89,44.62769333035022
548,27,96,95.73165958608266
549,27,97,24.420965323625296
550,27,98,57.06090514001146
551,27,99,96.63177754681395
552,28,6,97.8560262417007
553,28,11,70.43014566334851
554,28,12,93.31193515831109
555,28,13,60.191791785323545
556,28,14,15.234103923627663
557,28,22,48.461246738114596
558,28,30,91.56287430436556
559,28,31,6.205178815862357
560,28,33,28.890094557499197
561,28,39,55.86360880765964
562,28,41,38.35109526552264
563,28,51,74.14990080083402
564,28,59,25.099622095073634
565,28,64,20.997998260086856
566,28,67,33.47640189509861
567,28,68,91.89308298095857
568,28,75,64.9599088106149
569,28,77,92.92402166746797
570,28,78,1.0871338560677848
571,28,82,65.83986479481032
572,28,83,25.828335574066003
573,28,84,91.24842947891982
574,28,88,86.80077701220631
575,28,94,15.876805737785734
576,28,98,82.95918911556278
577,29,3,72.35060105939415
578,29,15,23.935355418467115
579,29,17,32.214205015504106
580,29,20,39.80691687468554
581,29,34,93.40302743624532
582,29,38,34.99397360983826
583,29,46,59.40708585161217
584,29,48,57.68076331716348
585,29,54,37.6871119360448
586,29,57,28.037949724122225
587,29,59,11.164752200362964
588,29,65,89.90764611611418
589,29,73,97.62345944339732
590,29,79,96.91980808940508
591,29,95,65.85945209738878
592,30,3,47.19156575376471
593,30,6,34.60135964093486
594,30,11,80.77416568873136
595,30,13,68.40718570788371
596,30,22,70.313814473271
597,30,35,11.898936140160272
598,30,38,58.02300211447041
599,30,42,3.5690437161496575
600,30,44,85.60056813822445
601,30,45,51.43881826363125
602,30,47,40.9126528393199
603,30,53,11.315862981956606
604,30,58,73.57510208270995
605,30,60,32.29180123311056
606,30,81,13.819311888110471
607,30,99,5.103573636296519
608,31,1,86.00449075774429
609,31,2,60.3512942526539
610,31,6,51.60506992678772
611,31,14,84.6804963005859
612,31,20,58.694879002724036
613,31,24,40.82361524368141
614,31,32,11.447235937827053
615,31,43,41.574980101579314
616,31,45,45.85442206762585
617,31,51,71.90639213463736
618,31,54,13.535316921848489
619,31,58,90.08392164608458
620,31,59,86.56738556865662
621,31,60,88.49970362814965
622,31,71,58.15721331277826
623,31,76,53.09965003343061
624,31,77,93.92641146039338
625,31,81,43.616235363144554
626,31,82,2.6928157412391887
627,31,95,75.47293349898874
628,32,3,45.21756036587684
629,32,7,72.21076123440406
630,32,21,5.84623529034587
631,32,26,8.465883506036342
632,32,30,12.795843591981292
633,32,32,44.039048622383554
634,32,33,22.929838789266146
635,32,39,53.90528552731624
636,32,45,47.337206661500616
637,32,56,22.928846758974327
638,32,57,51.940047288610565
639,32,59,50.400081622645104
640,32,72,4.177211441025452
641,32,74,4.017921553031498
642,32,75,61.3139705115904
643,32,78,73.66099194139034
644,33,4,79.80934596415976
645,33,5,7.422427617736267
646,33,6,76.20739168383015
647,33,13,6.231434086429904
648,33,16,73.63519120030155
649,33,20,31.953939547789876
650,33,21,68.75453462800178
651,33,42,42.453990931343895
652,33,48,0.9393698231371486
653,33,51,67.55340287334226
654,33,56,12.646119110934283
655,33,59,4.815437152119645
656,33,60,98.77476399912919
657,33,63,91.85440384818907
658,33,69,94.00297135690975
659,33,78,73.1791419832985
660,33,79,53.21300653720334
661,33,84,1.0222742820848216
662,33,88,50.717926910794276
663,33,96,34.85086297340735
664,33,99,71.75078532441407
665,34,4,14.516520324663823
666,34,12,40.40176252792687
667,34,20,83.074336061854
668,34,23,43.02912635917272
669,34,32,77.79875109913554
670,34,34,83.57855147178846
671,34,35,29.54941729376616
672,34,41,67.90839353830361
673,34,42,41.94793288016909
674,34,46,40.8752409751147
675,34,58,6.143492866373589
676,34,59,69.70513829946975
677,34,72,79.38115024653726
678,34,76,38.17634957942166
679,34,88,57.321001854967925
680,34,89,2.524706599921973
681,34,92,96.36454898373113
682,34,93,98.72954019799319
683,34,97,84.6045687706354
684,34,99,35.99074176267349
685,34,100,96.84238837345754
686,35,3,33.67393796939432
687,35,12,12.943266427524149
688,35,17,56.918597878857014
689,35,22,82.95426321656358
690,35,25,41.733009539367195
691,35,30,77.3623708041753
692,35,34,80.08115172445348
693,35,36,74.55715312604819
694,35,39,86.14419748674253
695,35,41,71.67589793158854
696,35,42,64.40574486942525
697,35,47,4.667132729764776
698,35,52,60.85916875063262
699,35,61,21.606577004234335
700,35,62,55.3163860342234
701,35,67,68.04149341069595
702,35,72,90.56939036874729
703,35,75,1.3276589254932054
704,35,78,93.62831245858925
705,35,82,1.2968038172387346
706,35,83,42.707794663589105
707,35,86,91.26138513516261
708,35,91,75.81687045077855
709,35,94,59.05720010191868
710,35,96,45.37043225603672
711,36,4,48.67075575075311
712,36,7,45.60193511126587
713,36,15,9.81282018211272
714,36,16,43.699996115057594
715,36,17,6.218700793630047
716,36,25,73.07750191427417
717,36,32,81.6335427893137
718,36,34,19.561527054593316
719,36,38,48.606550847632235
720,36,45,2.1084117209531392
721,36,47,68.74076805308381
722,36,48,21.24714089409328
723,36,62,35.19347151879528
724,36,67,7.831966906344607
725,36,72,45.683769494376214
726,36,76,2.2460220831544806
727,36,82,38.92533659873387
728,36,83,77.22153982753196
729,36,85,4.019895014015566
730,36,92,19.09902362788509
731,36,96,52.3648549976913
732,37,7,90.37542509424419
733,37,8,39.68996132746726
734,37,15,61.88470266077798
735,37,20,98.02551960293215
736,37,23,57.78850152825774
737,37,24,92.6727204562017
738,37,32,91.0742328645017
739,37,33,37.02016690173866
740,37,41,3.4156160561435134
741,37,45,57.22181901332834
742,37,50,25.26008236054229
743,37,66,76.31117636433127
744,37,68,70.80618100002204
745,37,79,0.3320523294090142
746,37,91,8.125199428360906
747,37,100,39.72007815780692
748,38,1,38.08122735805089
749,38,6,53.22730810211157
750,38,12,22.7119803186463
751,38,18,10.832102636719611
752,38,32,41.19087285356005
753,38,33,40.94421498334915
754,38,34,82.3442274152232
755,38,38,42.98358047973545
756,38,41,85.26749298205831
757,38,43,62.469771325313665
758,38,46,0.6615130709642421
759,38,50,70.52827683859203
760,38,51,77.61877072243543
761,38,52,62.447460856913146
762,38,57,14.786591456762984
763,38,58,17.12496067229123
764,38,63,95.0789915138256
765,38,64,53.75535290190763
766,38,80,64.21022469595343
767,38,83,2.9025975700064857
768,38,88,62.1470745200287
769,38,89,11.932271078951908
770,38,92,41.85127416300504
771,38,100,4.63106394210618
772,39,2,53.32589697135848
773,39,5,8.688922585568776
774,39,12,60.573834301806144
775,39,14,60.662711255528244
776,39,31,41.97764010664688
777,39,34,5.541274433910239
778,39,41,83.83084091526302
779,39,50,17.911459675645084
780,39,52,22.575868645266375
781,39,58,91.50397417349674
782,39,59,47.819469917096214
783,39,61,74.07121073166387
784,39,68,26.202165260803994
785,39,79,46.09974915180699
786,39,80,81.44748043621924
787,39,82,69.42541048288987
788,39,84,47.713892449848956
789,39,88,84.62659889942528
790,39,97,95.27262830484223
791,40,1,10.64125655323625
792,40,6,43.163843198139844
793,40,9,93.34591606106456
794,40,11,9.10088871316743
795,40,12,94.45393590257304
796,40,17,31.669212641831884
797,40,18,13.602292229961146
798,40,19,94.00262794870386
799,40,21,93.75092894313559
800,40,22,61.368392887873604
801,40,23,92.33106250074619
802,40,35,46.5328525785359
803,40,36,48.78549937324873
804,40,38,75.01514208184558
805,40,41,11.145863688915554
806,40,46,94.70654158630613
807,40,62,78.44955259545928
808,40,71,75.47290968247587
809,40,74,2.436280776017465
810,40,75,22.60996838746718
811,40,79,32.615099600651774
812,40,83,60.1220626685727
813,40,88,51.87802817010548
814,40,95,54.63413085377011
815,40,98,83.30147184693378
816,41,2,42.18729655562924
817,41,5,68.87426556230368
818,41,11,53.19044156966958
819,41,12,26.286882221557054
820,41,19,4.888354591815227
821,41,20,3.617660516632946
822,41,22,9.981107304297806
823,41,27,47.83482816310297
824,41,30,95.1675969742763
825,41,32,25.090943620052336
826,41,34,25.788261423846116
827,41,43,41.81170901095594
828,41,45,62.60232933027381
829,41,46,19.096947432892073
830,41,47,50.71306975983038
831,41,58,39.47004081377215
832,41,61,45.67825725604639
833,41,71,6.7305319093798905
834,41,86,90.62710354521775
835,41,90,39.81867224976611
836,41,91,29.779571104506847
837,41,94,4.034364855878223
838,41,97,17.73817314918075
839,41,98,25.04450888990788
840,41,100,88.46893742845819
841,42,11,31.88571228437707
842,42,18,13.092131022817895
843,42,20,45.582788703079665
844,42,24,90.01826285113302
845,42,32,43.8445136088157
846,42,34,25.80497783681196
847,42,47,24.86278951904557
848,42,55,17.272792071995134
849,42,56,27.85994382331411
850,42,65,48.094938182621654
851,42,73,34.37663822970047
852,42,74,67.43672850875436
853,42,78,18.87356785055027
854,42,90,43.18294587566561
855,42,95,54.644342784173844
856,43,2,4.078754324799136
857,43,3,90.91014067711953
858,43,8,19.3848885424589
859,43,10,23.71179937257926
860,43,11,27.59174356002884
861,43,17,99.67133785066603
862,43,18,24.330277257526536
863,43,24,68.37280840390821
864,43,25,76.98913711482345
865,43,29,52.56818410247545
866,43,34,24.516282219288005
867,43,35,44.153734527150206
868,43,36,4.339620330990668
869,43,46,4.082411675687971
870,43,47,98.59820599049387
871,43,48,86.71270850560549
872,43,51,24.276820099743702
873,43,53,95.06751856137711
874,43,56,51.03237344663881
875,43,59,23.9014796034375
876,43,62,87.4521916809782
877,43,70,44.844869476583504
878,43,80,15.19268681504854
879,43,83,4.7991566454291625
880,43,87,20.557708255147897
881,43,88,0.8973405593695843
882,43,93,94.82236347427303
883,44,5,0.7965621267975291
884,44,9,67.57755546057851
885,44,13,20.13701860103784
886,44,18,2.2848342033100235
887,44,23,58.65573611800575
888,44,25,43.386383483602465
889,44,26,49.43403301246145
890,44,30,4.653945598102282
891,44,42,71.2481656768608
892,44,46,49.451830630233204
893,44,47,39.833620883574035
894,44,49,99.64184523486266
895,44,71,52.59082825272481
896,44,80,58.63364565766454
897,44,87,59.4251653545584
898,45,2,25.11536691608995
899,45,11,47.96010655025788
900,45,12,49.65418455184302
901,45,17,84.00709422294675
902,45,21,19.70467578192566
903,45,22,35.899326408086495
904,45,38,61.11628138332609
905,45,40,78.82540364398206
906,45,41,86.91192535728459
907,45,46,67.33889164449775
908,45,49,95.02049116043857
909,45,52,6.880329612527746
910,45,58,77.78032785537003
911,45,59,30.62221982403337
912,45,60,43.14058237439358
913,45,67,64.52652755266509
914,45,68,68.18234669325444
915,45,78,13.41066662162714
916,45,80,87.77842550010197
917,45,82,11.015653005314698
918,46,3,23.579164874123805
919,46,12,0.21532673599105354
920,46,15,25.758445812870374
921,46,24,49.44457905737508
922,46,33,1.9840666892198597
923,46,41,48.991559947511035
924,46,43,2.221549868873012
925,46,47,57.0611470446721
926,46,58,20.146596465687427
927,46,59,7.501312040726454
928,46,67,76.48472870517728
929,46,74,36.30426687085896
930,46,79,26.663202628302813
931,46,88,82.76280331105733
932,46,92,72.27602639704709
933,46,94,5.15407366320757
934,47,15,80.8494046094869
935,47,16,37.18530555243932
936,47,24,45.699291574156966
937,47,28,1.4983876628948019
938,47,31,31.218261944689633
939,47,38,62.55634658155461
940,47,40,11.564641411331126
941,47,60,54.758108326680556
942,47,64,50.804293594416855
943,47,74,76.34851486357924
944,47,78,29.591789082369985
945,47,86,17.99959047580912
946,47,93,97.71259650639364
947,47,94,88.42186504043599
948,47,99,3.6469538650291344
949,48,10,15.097504316551275
950,48,18,58.53159629878919
951,48,25,29.650406318464967
952,48,27,87.35792080281276
953,48,29,26.37921877933599
954,48,43,11.609418297792796
955,48,44,27.4170589788691
956,48,45,4.938463179637654
957,48,49,65.04682792701686
958,48,58,98.63322161949297
959,48,61,87.03692464415951
960,48,66,46.739816463360825
961,48,73,72.3979757796854
962,48,76,66.0563534832432
963,48,78,32.13981423685346
964,48,88,85.12590866164861
965,48,92,30.575411539219072
966,48,98,34.90588749322476
967,49,8,91.19283374214513
968,49,11,2.138267090468925
969,49,18,87.1213099993066
970,49,22,56.8830802650758
971,49,27,49.238389128354555
972,49,28,33.19107277907483
973,49,29,22.14104355071555
974,49,32,59.68799273520998
975,49,40,65.5620546377354
976,49,41,23.69312900925838
977,49,42,0.3451818008968476
978,49,71,77.09182718667945
979,49,74,62.43890435074673
980,49,76,88.42101695967483
981,49,79,34.246111794646836
982,49,83,5.349344818358664
983,49,85,88.74545723718988
984,49,87,58.318963575993955
985,50,3,70.64967076925089
986,50,5,27.56924612427443
987,50,8,18.975068076105455
988,50,19,40.831865051911514
989,50,21,84.02137975968662
990,50,34,7.296349218075387
991,50,41,83.63959620529272
992,50,50,88.45462929211084
993,50,59,77.91875218347522
994,50,72,2.57737529837893
995,50,75,38.59118622469846
996,50,77,36.40426437197506
997,50,80,67.39486012145913
998,50,81,29.419258735757964
999,50,84,49.31905732450702
1000,50,98,4.535453768142569
1001,11,41,86.92219964759364
1002,44,41,34.75367200846156
1003,18,41,13.778571717961054
1004,55,41,54.374305467051045
1005,40,41,89.97604256740564
1006,10,41,27.728140060815164
1007,93,41,17.978333238628956
1008,31,41,72.32674864677675
1009,56,41,83.62692920268869
1010,88,41,59.19778370135033
1011,49,41,52.26010437163557
1012,72,41,42.98141539530096
1013,45,41,68.5838851758346
1014,25,41,1.386163448065727
1015,19,41,59.02728102382378
1016,82,41,48.249256219195495
1017,38,41,80.42635858610866
1018,63,41,10.972236695195292
1019,13,41,28.86156413247112
1020,29,41,97.96067250754318
1021,51,41,88.98406522145753
1022,68,41,34.32269746583388
1023,1,41,29.544685297729995
1024,94,41,32.82207308049403
1025,59,41,19.36033191978776
1026,85,41,61.16903924703311
1027,91,41,54.494074588171635
1028,97,41,0.8882177812926371
1029,54,41,84.78066586030266
1030,57,41,83.37141421943835
1031,6,41,66.60840082095883
1032,28,41,24.669576500727267
1033,3,41,41.130794633779985
1034,16,41,91.49926560709929
1035,75,41,77.47390330573549
1036,35,41,63.61760186021803
1037,27,41,79.75102680749512
1038,83,41,75.18624612019298
1039,80,41,88.95093131152056
1040,58,41,0.676099289305039
1041,36,41,79.31814907481206
1042,98,41,61.644970800589654
1043,34,41,42.798182595406004
1044,42,41,64.57562298791912
1045,22,41,97.74317982512882
1046,50,41,77.25201639413251
1047,46,41,90.98527674509322
1048,15,41,90.46086166543529
1049,26,41,32.58164504989234
1050,41,41,11.020592842477656
1051,95,41,17.752738056079238
1052,20,41,13.45337024992516
1053,98,24,27.969056318354387
1054,72,24,23.982560262119154
1055,14,24,14.6560206926618
1056,67,24,8.393001948611541
1057,6,24,51.860576487533294
1058,57,24,99.63696105621057
1059,16,24,99.21690695449077
1060,59,24,34.00017379695844
1061,54,24,50.574329615946546
1062,48,24,55.623254307509434
1063,60,24,1.1816913915532963
1064,68,24,21.87565699415375
1065,28,24,80.8812797397762
1066,10,24,34.63168933872588
1067,100,24,35.60710319095418
1068,50,24,84.03351392326891
1069,62,24,40.554501409225644
1070,7,24,5.972874880320352
1071,53,24,99.53458314021834
1072,92,24,31.588113976224395
1073,42,24,41.4290357853169
1074,20,24,54.7785469323641
1075,70,24,91.79315960344402
1076,80,24,51.85459515535446
1077,24,24,13.171317174290845
1078,91,24,62.13382966093297
1079,80,26,9.877389269757472
1080,74,26,89.35908438897297
1081,87,26,73.23117983367459
1082,72,26,75.67610812726714
1083,11,26,73.88112016303162
1084,28,26,52.301132876297615
1085,1,26,79.09174724442872
1086,82,26,21.335480385290957
1087,7,26,78.08600398056247
1088,4,26,47.77113825521923
1089,45,26,92.05646648017557
1090,58,26,92.33456009491749
1091,27,26,72.41731801939211
1092,26,26,39.00866014729511
1093,93,26,99.02211721170715
1094,24,26,75.78579660216072
1095,55,26,61.3586209549984
1096,64,26,69.15033740047583
1097,21,26,35.9118667708996
1098,65,26,1.9379878671883388
1099,38,26,52.66504706821759
1100,35,26,25.901712825413345
1101,92,26,9.397132864880527
1102,88,26,37.84716414746038
1103,5,26,8.411353163091508
1104,99,26,4.675987704516586
1105,29,26,88.49976346956808
1106,68,26,4.886680655855838
1107,36,26,75.94044771018577
1108,16,26,4.376282987307377
1109,100,16,33.88269127202805
1110,10,16,80.82443950725802
1111,73,16,61.87654129630814
1112,22,16,64.11310291321962
1113,28,16,12.416217050082269
1114,31,16,94.4819244929275
1115,29,16,89.72799538194285
1116,90,16,7.157216918543718
1117,50,16,25.853147406693218
1118,20,16,57.057958066495516
1119,32,16,21.730094920980246
1120,16,16,0.657481908821884
1121,15,16,6.2292579044996845
1122,98,16,86.31569919468052
1123,5,16,40.83433045759671
1124,86,16,4.912376263199117
1125,38,16,53.86776812642076
1126,11,16,10.846873368399729
1127,19,16,72.87322472811573
1128,57,16,76.88006392815487
1129,94,16,77.20907865837044
1130,34,16,68.94795003214159
1131,76,16,35.355960122727296
1132,35,16,63.15745379779249
1133,26,16,92.45227075505149
1134,85,16,75.30782197494102
1135,53,16,40.7207875539998
1136,93,16,82.05948171396454
1137,65,16,82.77695223434594
1138,30,16,10.69210913227553
1139,97,16,13.293883401518679
1140,14,16,52.618086406516845
1141,23,16,96.49190340829576
1142,99,16,82.43453391374763
1143,42,16,60.81954466541163
1144,50,4,4.919158478274701
1145,22,4,36.792417460243136
1146,42,4,4.902821539865003
1147,88,4,61.95202048454292
1148,76,4,53.261500448660776
1149,4,4,90.73122547556109
1150,3,4,84.54052629121074
1151,44,4,72.28491119066247
1152,45,4,40.52353898473403
1153,6,4,30.119824296147726
1154,72,4,12.039558469742635
1155,38,4,20.7309469777183
1156,31,4,38.82139206043136
1157,28,4,94.15667388602512
1158,35,4,13.664947357577542
1159,33,4,58.22001377810015
1160,27,4,64.64288056183308
1161,2,4,97.81106074725744
1162,70,4,78.51140637267198
1163,54,4,2.0674216473131293
1164,55,4,16.305326297923365
1165,18,4,38.54031833604016
1166,67,4,57.31012701336852
1167,94,4,50.72128083403319
1168,84,4,50.64638866801119
1169,63,4,47.043472025856545
1170,59,1,13.555802868902589
1171,54,2,78.32058691367237
1172,28,2,7.740783126079761
1173,10,2,82.92810279879205
1174,23,2,33.33588966398913
1175,48,2,76.22048930180371
1176,73,2,34.11643563124269
1177,14,2,86.83747444729534
1178,61,2,85.99352751731203
1179,6,24,92.21095671259165
1180,47,24,47.35393952298891
1181,41,24,56.206177069099176
1182,52,24,93.46977691345162
1183,90,24,63.487381005880934
1184,99,24,20.57259264396601
1185,30,24,35.16810009870688
1186,74,24,32.36277195054956
1187,40,24,14.392500998678582
1188,98,24,4.348973508814153
1189,19,24,90.136214983848
1190,87,24,70.53497589508432
1191,4,24,52.45321090658596
1192,21,24,70.36056526804016
1193,42,24,53.28612972472773
1194,69,9,2.9013274575575534
1195,26,9,79.22798884367276
1196,22,9,45.191326620285416
1197,13,9,57.956914480940874
1198,64,9,2.046673289226347
1199,32,9,37.06134238213113
1200,62,9,42.06457660503559
1201,14,9,80.22784062066066
1202,25,9,73.79443162247259
1203,41,9,66.51508812778553
1204,7,9,70.77793410848886
1205,53,9,21.75319472242146
1206,58,9,6.119813628704681
1207,60,9,64.1247594070196
1208,52,9,2.5001348440376625
1209,44,9,92.67417898864717
1210,84,9,74.25897320005772
1211,89,9,17.431700819652793
1212,92,9,31.301177398145523
1213,46,9,92.36470563366412
1214,56,9,55.884823283209
1215,49,9,88.51127225614613
1216,1,9,62.42395405271816
1217,54,9,81.76317610524104
1218,59,15,19.42243721647047
1219,66,15,68.90924805369053
1220,75,15,46.658354171155864
1221,96,15,45.6870022007456
1222,7,15,15.461792433505872
1223,24,15,12.68356074266043
1224,58,15,4.543748795850312
1225,37,15,30.048908481940767
1226,41,15,4.691070734287472
1227,99,15,61.96835781995141
1228,35,15,29.19229121902595
1229,84,15,52.47397338868555
1230,69,15,23.84258695887799
1231,32,15,94.27112947504708
1232,85,15,70.29826545109705
1233,6,15,54.0229251406075
1234,39,15,23.580061892945462
1235,53,15,44.63017167782169
1236,8,15,96.75898967365211
1237,12,15,4.077158192284905
1238,82,16,12.129445278989417
1239,21,16,2.539855137812217
1240,92,16,49.785152150910015
1241,29,16,75.0813106589153
1242,88,16,34.77152870942995
1243,50,16,42.34027029245391
1244,25,16,94.25500580771556
1245,41,16,2.197935336808918
1246,27,16,90.15254712414928
1247,48,16,73.16149285875096
1248,7,16,96.60159110031435
1249,45,16,14.323627834916579
1250,90,16,47.15728373646769
1251,78,16,61.40429242931811
1252,65,16,41.159804963572235
1253,2,16,27.054701129205398
1254,53,16,42.99307959612881
1255,33,16,93.17911134466739
1256,91,16,66.84837660811199
1257,81,16,18.24175169731395
1258,79,16,47.47474383282778
1259,46,16,10.595168677417986
1260,61,16,67.32260482907601
1261,84,16,64.0484216305448
1262,59,16,48.046473143378414
1263,8,16,71.02882385134671
1264,99,16,89.0017406585421
1265,51,16,1.5283602674537193
1266,95,16,65.45039797310518
1267,39,16,40.20731662404289
1268,1,16,83.13598036554397
1269,96,16,50.06018556900003
1270,15,16,14.147660467609171
1271,93,16,65.92483848260137
1272,62,16,62.222707966089075
1273,63,16,97.9243348506016
1274,90,13,43.84453825111882
1275,44,13,95.37241317983991
1276,98,13,61.79528798035993
1277,72,13,12.468154869654956
1278,55,13,53.96293906582439
1279,3,13,60.415550693492115
1280,74,34,77.08809741824803
1281,10,34,81.38384624416719
1282,69,34,5.871754110707743
1283,51,34,19.069788068442104
1284,72,34,66.2156117488905
1285,14,34,42.09363345705477
1286,88,34,78.16053164036708
1287,16,34,21.154101202873683
1288,85,34,47.08060915561961
1289,62,34,18.342711844880895
1290,95,34,63.337571469592575
1291,34,34,28.55277111835545
1292,68,34,77.6573151468577
1293,45,34,16.81376540261339
1294,52,38,0.9848692079351685
1295,37,38,15.952340800720066
1296,96,38,31.937686183659714
1297,53,38,13.853879113018557
1298,91,38,83.89519482960019
1299,80,38,94.42726064447561
1300,83,38,88.88979511177965
1301,46,38,58.91738583035484
1302,82,38,18.19116009134739
1303,40,38,61.35969003909798
1304,2,38,38.855851606966056
1305,74,38,39.47913177576098
1306,56,38,52.898688088886544
1307,18,38,82.48263140041679
1308,63,38,26.653365664280695
1309,89,38,83.43538674759859
1310,17,38,24.278733044135656
1311,65,38,92.27417290792722
1312,68,38,82.20327078958137
1313,8,38,44.04818929774266
1314,87,38,31.264740114364905
1315,55,38,47.413201248732825
1316,61,38,24.198285510931786
1317,34,38,80.99978847973873
1318,44,38,61.69846230122368
1319,94,38,3.2026942473599704
1320,95,38,50.20937428334785
1321,75,3,5.607957246686215
1322,42,3,16.93606615484536
1323,11,3,96.97431770815655
1324,74,3,8.682113302366051
1325,100,3,96.89716200993661
1326,18,3,11.254311767719736
1327,31,3,60.13360031786302
1328,35,3,88.0359200356346
1329,85,3,89.72981217910942
1330,29,3,65.91906177737698
1331,64,3,7.173398744161785
1332,24,3,12.591913283232637
1333,63,3,77.21102018157168
1334,9,3,63.61065659061951
1335,52,3,37.19611904450433
1336,61,3,61.21932008275292
1337,92,3,15.889557059544824
1338,4,3,9.789143811688172
1339,8,3,40.97830562911776
1340,26,3,85.64430787423686
1341,36,3,26.702447220967642
1342,16,3,54.7113670510881
1343,39,3,87.52673518087455
1344,17,3,8.732436716561592
1345,54,3,42.00622098148456
1346,7,3,82.3161660571681
1347,87,3,41.83409303953307
1348,41,3,29.203075329713236
1349,81,3,9.582302739646659
1350,66,3,66.24200007587673
1351,15,3,37.85309507883748
1352,42,18,96.30149066484617
1353,24,18,86.26357231263863
1354,19,18,33.16037814327723
1355,71,18,53.50235835646591
1356,28,18,67.75187992306323
1357,69,18,56.51279127042442
1358,74,18,30.300045778316534
1359,93,18,88.35559468916271
1360,29,18,46.14192697125516
1361,53,18,95.65306373293727
1362,95,18,55.175275974547795
1363,97,18,68.53428868712922
1364,26,18,53.727991107318076
1365,59,18,79.17700055157445
1366,9,18,28.34383519548147
1367,27,18,44.77237837606199
1368,91,18,58.66043437725091
1369,98,18,40.9852412608238
1370,83,18,37.44738053749434
1371,6,18,6.145872287456462
1372,4,18,73.11289116610797
1373,7,18,38.78245467153939
1374,85,18,83.08624764333145
1375,96,18,87.39491205117605
1376,54,18,49.018025257985144
1377,65,18,46.35001068086764
1378,98,18,52.207510807745734
1379,94,18,67.44133762547838
1380,49,18,51.3874929420245
1381,79,18,15.623550497861817
1382,84,18,42.847039530457444
1383,67,18,81.01990580809999
1384,30,18,35.6777309177766
1385,66,18,93.0405045112056
1386,76,18,62.55401262013719
1387,86,18,90.09946664020796
1388,28,18,53.658261145760505
1389,95,18,82.43491466124397
1390,11,18,18.72825290816424
1391,87,18,74.04862073614707
1392,85,18,46.30682172750823
1393,27,18,19.318759101386405
1394,75,18,96.96867330041466
1395,57,18,34.25628885221197
1396,16,18,14.917061542256565
1397,8,18,38.53502064936452
1398,3,18,14.275317701232098
1399,51,18,36.66507882188406
1400,71,18,32.93103315501913
1401,59,18,93.23577697547572
1402,61,18,14.133826039863932
1403,33,18,36.12176022811676
1404,41,18,34.089400650556996
1405,1,18,36.70793775388209
1406,54,15,42.7538019750244
1407,48,15,52.928118399693965
1408,33,15,59.0011057197811
1409,41,15,15.371481396398318
1410,80,15,33.994581766466354
1411,13,15,79.78152484404518
1412,35,15,19.50914282825267
1413,21,15,73.27313472678358
1414,42,15,2.191549364025125
1415,87,15,46.53422966056819
1416,91,15,75.6185966537582
1417,64,15,55.660737903581044
1418,7,15,14.263221036324227
1419,15,15,74.59702208095214
1420,93,15,76.6959984319876
1421,31,15,16.05371595566708
1422,92,15,71.80879517011628
1423,56,20,10.914695123191814
1424,35,20,98.71244162749127
1425,42,20,21.133703063701567
1426,40,20,3.632402298091857
1427,21,20,85.14859203935967
1428,20,20,12.531459322682197
1429,18,20,98.45389538418476
1430,84,20,81.70659126990071
1431,86,20,2.7315542564270934
1432,61,20,30.068550913247723
1433,71,20,77.66917783248259
1434,85,20,74.88161306994908
1435,65,20,25.542232934872704
1436,97,20,84.15964816619847
1437,95,20,16.27656256817851
1438,49,20,31.43433320786838
1439,2,20,45.174886907374905
1440,73,20,73.25378035994628
1441,34,20,15.0151496528827
1442,78,20,65.17520572236971
1443,15,20,25.368949914019073
1444,6,20,23.185163568474742
1445,63,20,83.19191893018898
1446,52,20,51.238342551606465
1447,72,20,21.96933846950003
1448,96,35,31.79831576977079
1449,53,35,63.71442050578667
1450,99,35,16.842967780705305
1451,91,35,99.65462489310981
1452,29,35,76.04333192178596
1453,75,35,9.354669769473949
1454,67,35,14.162647000284425
1455,15,35,43.437517848567296
1456,52,35,76.44589986040378
1457,45,35,73.36052800682727
1458,54,35,87.52227298790321
1459,56,35,13.984616972751322
1460,23,35,94.44144988014995
1461,46,35,37.51465485318405
1462,26,35,64.43652838713905
1463,60,35,74.86840260761292
1464,3,35,71.41109669841883
1465,5,35,83.83728368671672
1466,34,35,90.00319621357802
1467,84,35,74.82169914521722
1468,1,35,43.07342067080209
1469,88,35,20.68758639898964
1470,87,35,65.71831156577764
1471,13,35,11.982175545968092
1472,9,35,33.211828635226595
1473,73,35,24.505209264126865
1474,8,35,14.24944061510833
1475,36,35,9.34318381406023
1476,51,35,23.37503489550152
1477,28,35,36.711573669821085
1478,31,35,90.20119229278757
1479,78,35,45.989463112677534
1480,97,35,75.72943617182409
1481,83,35,7.835905402355605
1482,93,35,61.838182155819126
1483,55,25,7.964801453305755
1484,96,25,12.004047713107651
1485,13,25,99.11596967025768
1486,26,25,17.68210097610834
1487,40,25,8.847241968416439
1488,44,25,82.26697768547989
1489,8,25,29.257858170990556
1490,47,25,10.475624426705265
1491,33,25,51.802093834895224
1492,2,25,80.50639563745032
1493,5,25,10.149092977320693
1494,60,25,68.05812192363564
1495,85,25,80.12644332190078
1496,12,39,19.36653118334598
1497,49,39,85.01114323660569
1498,83,39,32.62040768053124
1499,32,39,63.51083340923106
1500,50,39,2.2784416661121822
1501,63,39,61.9585679343912
1502,22,39,67.53915490040488
1503,1,39,58.33622505153193
1504,29,39,44.86341820307959
1505,43,39,77.46716537188527
1506,67,39,59.434410363561504
1507,13,39,45.12459766338391
1508,31,39,53.11672038914826
1509,96,39,69.28744075447038
1510,18,1,17.924465630140414
1511,85,1,58.209015330594234
1512,76,1,39.452134825309095
1513,56,1,76.1783795618547
1514,91,1,32.00321171277918
1515,74,1,68.35257994087651
1516,90,1,99.73203525460485
1517,59,1,61.171761442976326
1518,33,1,40.61752255706825
1519,55,1,90.70989778468056
1520,23,1,70.97338614321052
1521,36,1,40.2859904601201
1522,57,1,59.1190023244501
1523,87,1,32.53135618602519
1524,81,1,46.103209622302316
1525,82,1,60.84455300548622
1526,19,1,74.98678612579035
1527,70,1,89.26048109895254
1528,35,1,82.60314118308825
1529,16,1,61.202859176608094
1530,78,1,57.00852098399759
1531,83,1,40.66842853501126
1532,42,1,74.3489089867005
1533,61,1,76.22627729615574
1534,45,1,65.00844961704628
1535,97,1,62.39192662609943
1536,83,2,35.786618576913504
1537,13,2,59.5816202883751
1538,6,2,34.571399952645784
1539,46,2,86.21366339752213
1540,70,2,58.608070460391836
1541,41,2,83.78655513523962
1542,2,2,33.45723585938008
1543,28,2,54.23406096290665
1544,61,2,59.409670327615544
1545,24,2,61.738341419572194
1546,91,2,21.50387711188297
1547,72,2,49.14164255963269
1548,59,2,23.325757964562744
1549,10,2,1.2190813776312392
1550,89,2,38.45507833113825
1551,85,2,73.79366655357487
1552,69,2,54.87295389427007
1553,35,2,42.33152632968273
1554,65,2,91.80757804498631
1555,57,2,92.06676448924804
1556,87,2,30.4507982786377
1557,81,2,23.490832451521253
1558,42,2,83.50587672594166
1559,54,2,66.99052487530476
1560,3,2,99.25716345240778
1561,33,2,89.2686467195337
1562,39,8,88.45929650141164
1563,27,8,88.14964987481714
1564,31,8,51.04555270135885
1565,68,8,48.07936343287531
1566,64,8,19.80068549521649
1567,85,8,3.9595167485103824
1568,79,8,14.61228733623156
1569,56,8,76.91424292378775
1570,42,8,5.335201011122499
1571,18,8,46.65103326375507
1572,78,8,6.7055820031220135
1573,8,8,84.14520980399496
1574,35,8,76.50403079905487
1575,17,8,3.8844579266875456
1576,89,8,86.93689744979922
1577,73,8,71.94742286530467
1578,34,8,19.308065530400484
1579,84,8,6.264323848235109
1580,50,8,89.36485867149321
1581,24,8,51.07046646120728
1582,87,8,17.497057741923555
1583,39,37,75.61246786566875
1584,83,37,76.03614203832541
1585,89,37,67.11752350355778
1586,94,37,40.533282691737064
1587,27,37,89.88732451433418
1588,49,37,19.501427775878994
1589,60,37,82.49002233045798
1590,73,37,37.76813702541599
1591,98,37,94.54563513887817
1592,59,37,40.083020270485314
1593,48,37,16.516317163616872
1594,61,35,57.3692423925334
1595,28,35,31.48753842769942
1596,47,35,66.29157770090205
1597,5,35,99.80861248223373
1598,31,35,86.74290770456616
1599,25,35,9.554414185030584
1600,100,35,1.1562346303791908
1601,20,35,11.262171693976073
1602,35,35,99.81474757695072
1603,50,35,87.21827445102876
1604,19,35,92.20493704181041
1605,80,35,61.39621261392933
1606,81,35,87.57804140963984
1607,93,35,99.57744619091116
1608,71,35,90.02599769205011
1609,92,35,49.889906751624835
1610,36,35,11.192261417474455
1611,43,35,93.45942568084791
1612,42,35,84.60029489030993
1613,77,35,14.327692535361209
1614,2,35,96.1703221296007
1615,98,35,10.812622258247162
1616,30,35,96.98548153563887
1617,44,35,68.14994520194197
1618,10,35,40.80606145043822
1619,89,35,47.824746925661636
1620,4,35,66.24362321252951
1621,18,35,87.7356390592605
1622,91,24,56.26030556864654
1623,65,17,86.88324379860994
1624,72,17,31.76823653194387
1625,84,17,70.98746409952955
1626,6,17,37.359648329865315
1627,100,17,78.48177547495256
1628,50,17,99.88384210112982
1629,49,17,70.6975456207034
1630,87,17,95.70228141944372
1631,57,17,48.29802314568915
1632,73,17,24.165471584504363
1633,79,17,33.43236465375556
1634,33,17,57.820246477934525
1635,55,17,99.0299070723961
1636,41,17,13.191047482903302
1637,54,17,99.03282385221276
1638,36,17,70.94842464992571
1639,12,17,84.74784385145338
1640,74,17,68.83522096831229
1641,43,17,16.03869825876417
1642,75,17,71.30280498500919
1643,22,17,42.096428322211175
1644,99,17,20.33019766600488
1645,67,17,72.52816806582284
1646,70,17,27.77670437061401
1647,46,17,50.45745532211926
1648,93,17,48.72956456447487
1649,59,17,50.51704768351731
1650,5,17,48.71469598650195
1651,31,17,11.37930875581803
1652,4,17,4.632011028159387
1653,85,17,16.96525075143075
1654,16,17,53.702678209398606
1655,47,17,75.85562721415909
1656,78,17,2.762657969931022
1657,26,17,88.68146092353754
1658,58,17,50.11128373854909
1659,48,17,93.49048131801939
1660,34,17,94.38420482997412
1661,65,30,11.12852285079148
1662,2,30,69.58340215455783
1663,69,30,4.842846754715234
1664,45,30,65.68687489247323
1665,30,30,78.96074051653082
1666,40,30,16.185188185549652
1667,98,30,23.15680555432642
1668,27,30,76.49956139372262
1669,60,30,77.59577394604739
1670,14,30,9.257760361472208
1671,58,30,74.47250087464408
1672,1,30,12.206936156215889
1673,59,30,25.00627857270538
1674,91,30,48.61247928910471
1675,49,30,15.819595641829327
1676,87,30,45.604035848403655
1677,76,30,85.56888778406442
1678,51,30,38.24628517246002
1679,99,30,51.696768976417694
1680,24,30,24.972352212534485
1681,75,30,85.87132842454798
1682,95,30,27.51497658988366
1683,68,30,48.3986898315378
1684,56,30,73.30149530096054
1685,8,30,53.61890108199705
1686,27,28,22.336292058691075
1687,23,28,76.78096682632314
1688,36,28,60.544463733919805
1689,88,28,60.03317611356762
1690,20,28,58.18950152483533
1691,68,28,75.14179137718524
1692,96,13,97.40655651651052
1693,75,13,63.8675639142201
1694,31,13,4.016278665716396
1695,66,13,47.66024655059575
1696,15,13,21.353889895633674
1697,9,13,62.08247872257456
1698,81,13,28.472441400294194
1699,95,13,72.0175451812066
1700,43,13,77.73773132893555
1701,79,13,70.36107133556231
1702,54,13,50.94126237882861
1703,21,13,48.39409980717382
1704,80,13,62.97594543144131
1705,54,5,2.5946981716187194
1706,21,5,14.058494301349903
1707,32,5,18.965463874883476
1708,90,5,47.508360850108865
1709,6,5,0.8430046692637763
1710,34,5,85.6049017795383
1711,79,5,17.199410932994738
1712,93,5,8.392433699065087
1713,78,5,70.1814975541495
1714,27,5,33.78406702683275
1715,30,5,85.83923390629236
1716,69,5,47.177499676874255
1717,43,5,25.74427803943188
1718,55,5,75.10966005785743
1719,26,5,4.794834973177773
1720,60,5,92.10416413011191
1721,52,5,86.06638329246206
1722,50,5,51.366912295575034
1723,66,5,30.30313572554826
1724,63,5,89.55635406710178
1725,40,5,5.076575241842609
1726,64,5,72.28768808547787
1727,29,5,44.380119710610806
1728,61,5,30.037958116975723
1729,56,5,42.5558979369277
1730,28,9,85.11047252639507
1731,57,9,83.76730514589948
1732,1,9,28.36647528750707
1733,33,9,38.12156103108315
1734,3,9,60.505522616470934
1735,85,9,75.75145538273736
1736,49,9,68.59367326703216
1737,90,9,51.153855288083804
1738,12,9,17.936479802542294
1739,26,9,20.45083112396213
1740,50,9,67.15319844761467
1741,13,9,67.34472279716333
1742,60,9,97.21492960978516
1743,91,9,20.47550746927468
1744,20,9,29.22436043156763
1745,99,9,69.09297710464037
1746,51,9,69.6087058454222
1747,66,9,4.992722306400753
1748,59,39,72.02683781832465
1749,99,39,34.4589722682328
1750,84,39,78.73303529119245
1751,10,39,98.36810641420657
1752,9,39,51.757349133172205
1753,72,39,69.22255305712288
1754,39,39,65.21738562206934
1755,52,39,39.44385298488174
1756,78,39,23.987948438747615
1757,19,39,51.19355163444176
1758,94,39,32.40824820193398
1759,78,27,69.80859124137055
1760,12,27,49.85624709273849
1761,63,27,66.34190226200505
1762,25,27,84.0816031892959
1763,44,27,34.04011477617617
1764,34,27,51.249696091847
1765,49,27,13.393840373416367
1766,93,27,25.177441639363604
1767,51,27,56.94619489368989
1768,17,27,34.76001804998394
1769,64,27,59.60417893669817
1770,32,27,14.694857542175184
1771,37,27,13.123379764756782
1772,16,27,50.85203924666017
1773,96,27,40.09330074092373
1774,70,27,52.087203606465366
1775,35,27,81.70784212394726
1776,50,27,74.11439818343787
1777,28,27,70.69992586446875
1778,46,27,53.21826158448543
1779,39,27,94.12404958291563
1780,45,27,19.08479092137055
1781,29,27,17.24793249831935
1782,41,27,11.901527853952613
1783,40,27,54.609239538689366
1784,74,27,42.258242373619
1785,5,27,63.778699501598254
1786,54,27,39.763759656063854
1787,19,27,69.7283495836094
1788,27,27,60.83599782013603
1789,18,27,14.381862958064286
1790,79,27,14.116988106009982
1791,71,27,49.74449610888676
1792,83,27,45.02980504857462
1793,86,27,56.12670956980567
1794,15,27,4.0534257650011165
1795,56,27,8.453236129905626
1796,77,27,47.42273035796075
1797,2,27,19.451746563991716
1798,4,27,18.55686564990156
1799,100,27,18.807166721055722
1800,86,27,22.153510610222476
1801,41,27,52.00723472914264
1802,58,27,6.030762597287357
1803,6,27,9.134614094844657
1804,75,27,38.56627635159194
1805,69,27,22.346178405432276
1806,37,27,26.766560223809257
1807,95,27,22.33384912785292
1808,12,27,68.1178058149846
1809,68,27,35.63639529003422
1810,10,27,91.70328788945153
1811,82,27,43.76223619618192
1812,49,27,97.92605938115736
1813,63,27,70.14166575033899
1814,3,27,82.46518148676455
1815,2,27,83.43390112997626
1816,54,27,32.372798391232294
1817,77,27,58.8593577003727
1818,76,27,54.93140830010675
1819,22,27,22.32338629899609
1820,40,27,5.042676767023686
1821,35,27,81.43896723826379
1822,96,27,78.51964312130585
1823,1,27,44.66692035489587
1824,72,27,37.235330913210575
1825,98,27,38.51319555480302
1826,16,36,59.93361719111809
1827,59,36,85.77296426711851
1828,87,36,41.41878600912892
1829,47,36,14.234085591850603
1830,3,36,57.66917682124086
1831,72,36,54.78893693075215
1832,22,36,54.7583316483433
1833,56,36,64.94642398481137
1834,74,36,9.682940846102346
1835,61,36,14.159138037463483
1836,44,36,58.484452069491965
1837,33,36,15.565251086271141
1838,4,36,56.76147237582919
1839,75,36,55.617195811414895
1840,57,36,59.74102691046201
1841,69,36,95.61554980024913
1842,13,36,23.254546092212983
1843,60,36,37.038093456240574
1844,20,36,35.48867961876803
1845,49,36,29.337509505191104
1846,79,36,94.34562382164121
1847,82,36,90.27733979298486
1848,29,36,74.20918402756404
1849,50,36,29.28432506731293
1850,17,36,1.7203877581690192
1851,86,36,55.968794230212964
1852,40,36,34.564480483827815
1853,2,19,28.839691650374995
1854,74,19,28.343710061994354
1855,38,19,44.569960757172964
1856,100,19,75.00504493299069
1857,77,19,77.30469109598603
1858,25,19,72.04607913071666
1859,31,19,26.35655746018331
1860,23,19,57.23347264891958
1861,69,19,70.1425424190527
1862,84,19,24.004128383176077
1863,67,19,22.547281048690632
1864,79,31,6.0867998190479415
1865,12,31,50.39869032781222
1866,69,31,4.400526281299193
1867,55,31,2.1702431082772913
1868,45,31,97.51544800482979
1869,89,31,76.68606763255814
1870,35,31,34.83525389684047
1871,50,39,6.791637190510618
1872,66,39,98.07512032180004
1873,53,39,64.99301467911744
1874,8,39,65.53373863575725
1875,63,39,47.04128904364569
1876,33,39,13.164132076061357
1877,5,39,23.349276765862832
1878,40,39,96.33847807712331
1879,51,39,25.13638427247575
1880,6,39,79.71558350794388
1881,80,39,52.785621701198345
1882,99,39,38.07331012070934
1883,49,39,4.536197457697872
1884,81,39,6.920029219054102
1885,90,39,86.74006971541995
1886,61,39,37.10169649317557
1887,12,39,86.60012679715568
1888,22,39,71.7130818111439
1889,76,39,96.32294041778613
1890,56,39,12.011933685180562
1891,11,39,17.20864019319192
1892,23,39,67.69569571257243
1893,34,39,81.50172719953657
1894,70,39,28.01794895333762
