id_products,name,price,id_supplier,from_dt,to_dt
1,Salo,197.92,58,2023-11-05 09:00:00,2023-12-26 09:00:00
1,Salo,254.74,58,2023-12-26 09:00:00,2024-01-31 09:00:00
1,Salo,277.04,58,2024-01-31 09:00:00,2024-03-01 09:00:00
1,Salo,219.08,58,2024-03-01 09:00:00,2024-03-31 09:00:00
1,Salo,200.6,58,2024-03-31 09:00:00,2024-01-31 09:00:00
2,Sweet Potato,51.46,28,2023-08-12 09:00:00,2023-10-11 09:00:00
2,Sweet Potato,48.58,28,2023-10-11 09:00:00,2023-11-16 09:00:00
2,Sweet Potato,45.98,28,2023-11-16 09:00:00,2023-12-22 09:00:00
2,Sweet Potato,51.9,28,2023-12-22 09:00:00,2024-01-31 09:00:00
2,Sweet Potato,55.62,28,2024-01-31 09:00:00,2024-03-01 09:00:00
2,Sweet Potato,42.39,28,2024-03-01 09:00:00,2024-03-31 09:00:00
2,Sweet Potato,45.62,28,2024-03-31 09:00:00,2024-04-30 09:00:00
2,Sweet Potato,41.3,28,2024-04-30 09:00:00,2024-05-30 09:00:00
2,Sweet Potato,44.87,28,2024-05-30 09:00:00,2024-06-29 09:00:00
2,Sweet Potato,46.63,28,2024-06-29 09:00:00,2024-01-31 09:00:00
3,Fig,205.71,16,2023-10-16 09:00:00,2023-11-16 09:00:00
3,Fig,222.97,16,2023-11-16 09:00:00,2023-12-17 09:00:00
3,Fig,288.7,16,2023-12-17 09:00:00,2024-01-24 09:00:00
3,Fig,261.37,16,2024-01-24 09:00:00,2024-01-31 09:00:00
3,Fig,240.98,16,2024-01-31 09:00:00,2024-03-01 09:00:00
3,Fig,186.21,16,2024-03-01 09:00:00,2024-03-31 09:00:00
3,Fig,204.02,16,2024-03-31 09:00:00,2024-04-30 09:00:00
3,Fig,223.78,16,2024-04-30 09:00:00,2024-05-30 09:00:00
3,Fig,207.69,16,2024-05-30 09:00:00,2024-06-29 09:00:00
3,Fig,220.03,16,2024-06-29 09:00:00,2024-01-31 09:00:00
4,Ginger,305.99,19,2023-06-19 09:00:00,2023-08-01 09:00:00
4,Ginger,326.93,19,2023-08-01 09:00:00,2023-09-15 09:00:00
4,Ginger,299.22,19,2023-09-15 09:00:00,2023-11-10 09:00:00
4,Ginger,327.77,19,2023-11-10 09:00:00,2023-12-17 09:00:00
4,Ginger,356.99,19,2023-12-17 09:00:00,2024-01-31 09:00:00
4,Ginger,386.78,19,2024-01-31 09:00:00,2024-03-01 09:00:00
4,Ginger,347.06,19,2024-03-01 09:00:00,2024-03-31 09:00:00
4,Ginger,329.65,19,2024-03-31 09:00:00,2024-04-30 09:00:00
4,Ginger,302.09,19,2024-04-30 09:00:00,2024-05-30 09:00:00
4,Ginger,279.14,19,2024-05-30 09:00:00,2024-06-29 09:00:00
4,Ginger,302.14,19,2024-06-29 09:00:00,2024-01-31 09:00:00
5,Pumpkin,258.94,54,2023-03-20 09:00:00,2023-05-03 09:00:00
5,Pumpkin,275.34,54,2023-05-03 09:00:00,2023-07-02 09:00:00
5,Pumpkin,336.74,54,2023-07-02 09:00:00,2023-08-08 09:00:00
5,Pumpkin,314.84,54,2023-08-08 09:00:00,2023-09-23 09:00:00
5,Pumpkin,294.17,54,2023-09-23 09:00:00,2023-11-08 09:00:00
5,Pumpkin,275.57,54,2023-11-08 09:00:00,2023-12-16 09:00:00
5,Pumpkin,303.58,54,2023-12-16 09:00:00,2024-01-31 09:00:00
5,Pumpkin,288.2,54,2024-01-31 09:00:00,2024-03-01 09:00:00
5,Pumpkin,262.2,54,2024-03-01 09:00:00,2024-03-31 09:00:00
5,Pumpkin,283.16,54,2024-03-31 09:00:00,2024-01-31 09:00:00
6,Burdock Root,263.65,39,2023-12-02 09:00:00,2024-01-12 09:00:00
6,Burdock Root,282.97,39,2024-01-12 09:00:00,2024-01-31 09:00:00
6,Burdock Root,300.92,39,2024-01-31 09:00:00,2024-03-01 09:00:00
6,Burdock Root,226.24,39,2024-03-01 09:00:00,2024-03-31 09:00:00
6,Burdock Root,239.74,39,2024-03-31 09:00:00,2024-04-30 09:00:00
6,Burdock Root,224.41,39,2024-04-30 09:00:00,2024-05-30 09:00:00
6,Burdock Root,203.46,39,2024-05-30 09:00:00,2024-06-29 09:00:00
6,Burdock Root,249.25,39,2024-06-29 09:00:00,2024-07-29 09:00:00
6,Burdock Root,225.03,39,2024-07-29 09:00:00,2024-08-28 09:00:00
6,Burdock Root,245.44,39,2024-08-28 09:00:00,2024-09-27 09:00:00
6,Burdock Root,232.36,39,2024-09-27 09:00:00,2024-01-31 09:00:00
7,Brussels Sprouts,346.68,97,2023-06-05 09:00:00,2023-07-05 09:00:00
7,Brussels Sprouts,368.01,97,2023-07-05 09:00:00,2023-08-29 09:00:00
7,Brussels Sprouts,387.63,97,2023-08-29 09:00:00,2023-10-05 09:00:00
7,Brussels Sprouts,309.75,97,2023-10-05 09:00:00,2023-11-21 09:00:00
7,Brussels Sprouts,329.25,97,2023-11-21 09:00:00,2024-01-19 09:00:00
7,Brussels Sprouts,429.29,97,2024-01-19 09:00:00,2024-01-31 09:00:00
7,Brussels Sprouts,458.12,97,2024-01-31 09:00:00,2024-03-01 09:00:00
7,Brussels Sprouts,418.93,97,2024-03-01 09:00:00,2024-03-31 09:00:00
7,Brussels Sprouts,458.62,97,2024-03-31 09:00:00,2024-01-31 09:00:00
8,Broccoli,114.01,6,2023-09-02 09:00:00,2023-10-21 09:00:00
8,Broccoli,122.98,6,2023-10-21 09:00:00,2023-11-25 09:00:00
8,Broccoli,114.87,6,2023-11-25 09:00:00,2024-01-19 09:00:00
8,Broccoli,149.74,6,2024-01-19 09:00:00,2024-01-31 09:00:00
8,Broccoli,158.05,6,2024-01-31 09:00:00,2024-03-01 09:00:00
8,Broccoli,120.44,6,2024-03-01 09:00:00,2024-03-31 09:00:00
8,Broccoli,113.61,6,2024-03-31 09:00:00,2024-04-30 09:00:00
8,Broccoli,107.78,6,2024-04-30 09:00:00,2024-05-30 09:00:00
8,Broccoli,114.58,6,2024-05-30 09:00:00,2024-06-29 09:00:00
8,Broccoli,142.75,6,2024-06-29 09:00:00,2024-07-29 09:00:00
8,Broccoli,134.23,6,2024-07-29 09:00:00,2024-08-28 09:00:00
8,Broccoli,123.53,6,2024-08-28 09:00:00,2024-01-31 09:00:00
9,Cauliflower,96.0,46,2023-12-08 09:00:00,2024-01-23 09:00:00
9,Cauliflower,105.17,46,2024-01-23 09:00:00,2024-01-31 09:00:00
9,Cauliflower,98.38,46,2024-01-31 09:00:00,2024-03-01 09:00:00
9,Cauliflower,73.94,46,2024-03-01 09:00:00,2024-03-31 09:00:00
9,Cauliflower,67.65,46,2024-03-31 09:00:00,2024-04-30 09:00:00
9,Cauliflower,72.73,46,2024-04-30 09:00:00,2024-05-30 09:00:00
9,Cauliflower,79.25,46,2024-05-30 09:00:00,2024-01-31 09:00:00
10,Water Chestnut,177.64,61,2023-04-24 09:00:00,2023-06-16 09:00:00
10,Water Chestnut,186.52,61,2023-06-16 09:00:00,2023-07-23 09:00:00
10,Water Chestnut,199.31,61,2023-07-23 09:00:00,2023-09-04 09:00:00
10,Water Chestnut,188.53,61,2023-09-04 09:00:00,2023-11-01 09:00:00
10,Water Chestnut,177.2,61,2023-11-01 09:00:00,2023-12-27 09:00:00
10,Water Chestnut,230.27,61,2023-12-27 09:00:00,2024-01-31 09:00:00
11,Cantaloupe,95.81,6,2023-07-12 09:00:00,2023-08-16 09:00:00
11,Cantaloupe,101.5,6,2023-08-16 09:00:00,2023-09-24 09:00:00
11,Cantaloupe,81.59,6,2023-09-24 09:00:00,2023-11-17 09:00:00
11,Cantaloupe,76.85,6,2023-11-17 09:00:00,2023-12-24 09:00:00
11,Cantaloupe,86.24,6,2023-12-24 09:00:00,2024-01-31 09:00:00
11,Cantaloupe,92.63,6,2024-01-31 09:00:00,2024-03-01 09:00:00
11,Cantaloupe,82.67,6,2024-03-01 09:00:00,2024-03-31 09:00:00
11,Cantaloupe,77.94,6,2024-03-31 09:00:00,2024-04-30 09:00:00
11,Cantaloupe,82.45,6,2024-04-30 09:00:00,2024-05-30 09:00:00
11,Cantaloupe,87.9,6,2024-05-30 09:00:00,2024-06-29 09:00:00
11,Cantaloupe,108.39,6,2024-06-29 09:00:00,2024-01-31 09:00:00
12,Prunes,86.98,21,2023-10-20 09:00:00,2023-12-10 09:00:00
12,Prunes,96.07,21,2023-12-10 09:00:00,2024-01-31 09:00:00
12,Prunes,87.98,21,2024-01-31 09:00:00,2024-03-01 09:00:00
12,Prunes,69.56,21,2024-03-01 09:00:00,2024-03-31 09:00:00
12,Prunes,75.37,21,2024-03-31 09:00:00,2024-01-31 09:00:00
13,Octopus,163.2,39,2023-10-10 09:00:00,2023-11-24 09:00:00
13,Octopus,148.52,39,2023-11-24 09:00:00,2024-01-05 09:00:00
13,Octopus,160.67,39,2024-01-05 09:00:00,2024-01-31 09:00:00
13,Octopus,170.34,39,2024-01-31 09:00:00,2024-03-01 09:00:00
13,Octopus,151.53,39,2024-03-01 09:00:00,2024-03-31 09:00:00
13,Octopus,166.54,39,2024-03-31 09:00:00,2024-04-30 09:00:00
13,Octopus,181.44,39,2024-04-30 09:00:00,2024-05-30 09:00:00
13,Octopus,191.14,39,2024-05-30 09:00:00,2024-06-29 09:00:00
13,Octopus,198.33,39,2024-06-29 09:00:00,2024-07-29 09:00:00
13,Octopus,178.78,39,2024-07-29 09:00:00,2024-08-28 09:00:00
13,Octopus,166.22,39,2024-08-28 09:00:00,2024-09-27 09:00:00
13,Octopus,131.77,39,2024-09-27 09:00:00,2024-01-31 09:00:00
14,Carrot,107.32,44,2023-11-18 09:00:00,2024-01-10 09:00:00
14,Carrot,135.42,44,2024-01-10 09:00:00,2024-01-31 09:00:00
14,Carrot,127.61,44,2024-01-31 09:00:00,2024-03-01 09:00:00
14,Carrot,114.46,44,2024-03-01 09:00:00,2024-03-31 09:00:00
14,Carrot,108.2,44,2024-03-31 09:00:00,2024-04-30 09:00:00
14,Carrot,98.94,44,2024-04-30 09:00:00,2024-05-30 09:00:00
14,Carrot,92.8,44,2024-05-30 09:00:00,2024-06-29 09:00:00
14,Carrot,114.13,44,2024-06-29 09:00:00,2024-07-29 09:00:00
14,Carrot,105.5,44,2024-07-29 09:00:00,2024-08-28 09:00:00
14,Carrot,115.41,44,2024-08-28 09:00:00,2024-01-31 09:00:00
15,Winter Squash,319.92,59,2023-07-09 09:00:00,2023-09-03 09:00:00
15,Winter Squash,263.65,59,2023-09-03 09:00:00,2023-10-18 09:00:00
15,Winter Squash,238.33,59,2023-10-18 09:00:00,2023-11-30 09:00:00
15,Winter Squash,217.02,59,2023-11-30 09:00:00,2024-01-17 09:00:00
15,Winter Squash,275.66,59,2024-01-17 09:00:00,2024-01-31 09:00:00
15,Winter Squash,297.86,59,2024-01-31 09:00:00,2024-03-01 09:00:00
15,Winter Squash,265.54,59,2024-03-01 09:00:00,2024-01-31 09:00:00
16,Jalapeño,274.27,63,2023-11-14 09:00:00,2024-01-01 09:00:00
16,Jalapeño,312.24,63,2024-01-01 09:00:00,2024-01-31 09:00:00
16,Jalapeño,329.54,63,2024-01-31 09:00:00,2024-03-01 09:00:00
16,Jalapeño,300.35,63,2024-03-01 09:00:00,2024-03-31 09:00:00
16,Jalapeño,270.65,63,2024-03-31 09:00:00,2024-01-31 09:00:00
17,Rhubarb,294.96,12,2023-07-21 09:00:00,2023-09-18 09:00:00
17,Rhubarb,238.2,12,2023-09-18 09:00:00,2023-10-26 09:00:00
17,Rhubarb,251.98,12,2023-10-26 09:00:00,2023-12-12 09:00:00
17,Rhubarb,328.74,12,2023-12-12 09:00:00,2024-01-11 09:00:00
17,Rhubarb,361.14,12,2024-01-11 09:00:00,2024-01-31 09:00:00
18,Almonds,323.7,29,2023-12-05 09:00:00,2024-01-23 09:00:00
18,Almonds,354.65,29,2024-01-23 09:00:00,2024-01-31 09:00:00
18,Almonds,389.86,29,2024-01-31 09:00:00,2024-03-01 09:00:00
18,Almonds,296.12,29,2024-03-01 09:00:00,2024-03-31 09:00:00
18,Almonds,313.03,29,2024-03-31 09:00:00,2024-04-30 09:00:00
18,Almonds,329.2,29,2024-04-30 09:00:00,2024-05-30 09:00:00
18,Almonds,360.15,29,2024-05-30 09:00:00,2024-06-29 09:00:00
18,Almonds,379.82,29,2024-06-29 09:00:00,2024-07-29 09:00:00
18,Almonds,352.46,29,2024-07-29 09:00:00,2024-08-28 09:00:00
18,Almonds,319.78,29,2024-08-28 09:00:00,2024-09-27 09:00:00
18,Almonds,257.51,29,2024-09-27 09:00:00,2024-01-31 09:00:00
19,Walnuts,338.13,97,2023-07-03 09:00:00,2023-08-19 09:00:00
19,Walnuts,315.0,97,2023-08-19 09:00:00,2023-10-15 09:00:00
19,Walnuts,258.06,97,2023-10-15 09:00:00,2023-11-30 09:00:00
19,Walnuts,244.59,97,2023-11-30 09:00:00,2024-01-07 09:00:00
19,Walnuts,277.12,97,2024-01-07 09:00:00,2024-01-31 09:00:00
19,Walnuts,301.61,97,2024-01-31 09:00:00,2024-03-01 09:00:00
19,Walnuts,269.31,97,2024-03-01 09:00:00,2024-01-31 09:00:00
20,Salmon,323.04,53,2023-04-03 09:00:00,2023-05-12 09:00:00
20,Salmon,351.4,53,2023-05-12 09:00:00,2023-07-11 09:00:00
20,Salmon,442.3,53,2023-07-11 09:00:00,2023-08-26 09:00:00
20,Salmon,485.51,53,2023-08-26 09:00:00,2023-09-26 09:00:00
20,Salmon,390.85,53,2023-09-26 09:00:00,2023-11-12 09:00:00
20,Salmon,426.28,53,2023-11-12 09:00:00,2024-01-08 09:00:00
20,Salmon,470.18,53,2024-01-08 09:00:00,2024-01-31 09:00:00
20,Salmon,511.64,53,2024-01-31 09:00:00,2024-01-31 09:00:00
21,Spinach,271.73,81,2023-07-19 09:00:00,2023-09-01 09:00:00
21,Spinach,258.86,81,2023-09-01 09:00:00,2023-10-14 09:00:00
21,Spinach,243.26,81,2023-10-14 09:00:00,2023-11-13 09:00:00
21,Spinach,256.51,81,2023-11-13 09:00:00,2024-01-03 09:00:00
21,Spinach,283.56,81,2024-01-03 09:00:00,2024-01-31 09:00:00
21,Spinach,259.08,81,2024-01-31 09:00:00,2024-01-31 09:00:00
22,Kale,215.81,70,2023-05-14 09:00:00,2023-06-17 09:00:00
22,Kale,263.42,70,2023-06-17 09:00:00,2023-08-03 09:00:00
22,Kale,280.86,70,2023-08-03 09:00:00,2023-09-16 09:00:00
22,Kale,224.56,70,2023-09-16 09:00:00,2023-11-13 09:00:00
22,Kale,207.56,70,2023-11-13 09:00:00,2023-12-17 09:00:00
22,Kale,268.85,70,2023-12-17 09:00:00,2024-01-21 09:00:00
22,Kale,244.68,70,2024-01-21 09:00:00,2024-01-31 09:00:00
22,Kale,267.62,70,2024-01-31 09:00:00,2024-03-01 09:00:00
22,Kale,242.07,70,2024-03-01 09:00:00,2024-03-31 09:00:00
22,Kale,219.82,70,2024-03-31 09:00:00,2024-04-30 09:00:00
22,Kale,204.56,70,2024-04-30 09:00:00,2024-05-30 09:00:00
22,Kale,220.34,70,2024-05-30 09:00:00,2024-01-31 09:00:00
23,Quinoa,318.02,88,2023-12-06 09:00:00,2024-01-22 09:00:00
23,Quinoa,334.75,88,2024-01-22 09:00:00,2024-01-31 09:00:00
23,Quinoa,353.89,88,2024-01-31 09:00:00,2024-03-01 09:00:00
23,Quinoa,266.93,88,2024-03-01 09:00:00,2024-03-31 09:00:00
23,Quinoa,280.44,88,2024-03-31 09:00:00,2024-04-30 09:00:00
23,Quinoa,262.61,88,2024-04-30 09:00:00,2024-01-31 09:00:00
24,Chia Seeds,227.74,63,2023-04-05 09:00:00,2023-05-10 09:00:00
24,Chia Seeds,215.28,63,2023-05-10 09:00:00,2023-06-16 09:00:00
24,Chia Seeds,225.24,63,2023-06-16 09:00:00,2023-07-29 09:00:00
24,Chia Seeds,244.02,63,2023-07-29 09:00:00,2023-09-10 09:00:00
24,Chia Seeds,199.77,63,2023-09-10 09:00:00,2023-10-21 09:00:00
24,Chia Seeds,219.34,63,2023-10-21 09:00:00,2023-11-22 09:00:00
24,Chia Seeds,238.51,63,2023-11-22 09:00:00,2023-12-29 09:00:00
24,Chia Seeds,306.9,63,2023-12-29 09:00:00,2024-01-31 09:00:00
24,Chia Seeds,331.98,63,2024-01-31 09:00:00,2024-01-31 09:00:00
25,Flaxseeds,309.04,43,2023-03-18 09:00:00,2023-04-28 09:00:00
25,Flaxseeds,288.22,43,2023-04-28 09:00:00,2023-06-17 09:00:00
25,Flaxseeds,362.66,43,2023-06-17 09:00:00,2023-08-14 09:00:00
25,Flaxseeds,386.65,43,2023-08-14 09:00:00,2023-09-22 09:00:00
25,Flaxseeds,359.02,43,2023-09-22 09:00:00,2023-10-29 09:00:00
25,Flaxseeds,390.47,43,2023-10-29 09:00:00,2023-12-06 09:00:00
25,Flaxseeds,494.34,43,2023-12-06 09:00:00,2024-01-31 09:00:00
25,Flaxseeds,541.64,43,2024-01-31 09:00:00,2024-03-01 09:00:00
25,Flaxseeds,427.84,43,2024-03-01 09:00:00,2024-03-31 09:00:00
25,Flaxseeds,387.79,43,2024-03-31 09:00:00,2024-04-30 09:00:00
25,Flaxseeds,420.07,43,2024-04-30 09:00:00,2024-01-31 09:00:00
26,Oats,92.45,78,2023-02-25 09:00:00,2023-04-12 09:00:00
26,Oats,71.43,78,2023-04-12 09:00:00,2023-06-02 09:00:00
26,Oats,87.07,78,2023-06-02 09:00:00,2023-07-31 09:00:00
26,Oats,92.63,78,2023-07-31 09:00:00,2023-09-01 09:00:00
26,Oats,85.75,78,2023-09-01 09:00:00,2023-10-23 09:00:00
26,Oats,78.52,78,2023-10-23 09:00:00,2023-12-14 09:00:00
26,Oats,99.54,78,2023-12-14 09:00:00,2024-01-31 09:00:00
26,Oats,108.72,78,2024-01-31 09:00:00,2024-03-01 09:00:00
26,Oats,96.12,78,2024-03-01 09:00:00,2024-03-31 09:00:00
26,Oats,86.63,78,2024-03-31 09:00:00,2024-04-30 09:00:00
26,Oats,82.26,78,2024-04-30 09:00:00,2024-05-30 09:00:00
26,Oats,76.01,78,2024-05-30 09:00:00,2024-01-31 09:00:00
27,Brown Rice,215.48,24,2023-03-25 09:00:00,2023-05-21 09:00:00
27,Brown Rice,229.58,24,2023-05-21 09:00:00,2023-07-17 09:00:00
27,Brown Rice,289.12,24,2023-07-17 09:00:00,2023-09-11 09:00:00
27,Brown Rice,234.11,24,2023-09-11 09:00:00,2023-10-14 09:00:00
27,Brown Rice,246.27,24,2023-10-14 09:00:00,2023-11-20 09:00:00
27,Brown Rice,229.57,24,2023-11-20 09:00:00,2023-12-28 09:00:00
27,Brown Rice,291.88,24,2023-12-28 09:00:00,2024-01-31 09:00:00
28,Lentils,104.4,60,2023-11-18 09:00:00,2024-01-09 09:00:00
28,Lentils,113.2,60,2024-01-09 09:00:00,2024-01-31 09:00:00
28,Lentils,120.3,60,2024-01-31 09:00:00,2024-03-01 09:00:00
28,Lentils,91.43,60,2024-03-01 09:00:00,2024-03-31 09:00:00
28,Lentils,99.02,60,2024-03-31 09:00:00,2024-04-30 09:00:00
28,Lentils,106.81,60,2024-04-30 09:00:00,2024-05-30 09:00:00
28,Lentils,113.67,60,2024-05-30 09:00:00,2024-06-29 09:00:00
28,Lentils,119.34,60,2024-06-29 09:00:00,2024-07-29 09:00:00
28,Lentils,130.49,60,2024-07-29 09:00:00,2024-08-28 09:00:00
28,Lentils,118.94,60,2024-08-28 09:00:00,2024-09-27 09:00:00
28,Lentils,112.44,60,2024-09-27 09:00:00,2024-01-31 09:00:00
29,Chickpeas,71.62,68,2023-09-26 09:00:00,2023-11-04 09:00:00
29,Chickpeas,66.75,68,2023-11-04 09:00:00,2023-12-24 09:00:00
29,Chickpeas,73.22,68,2023-12-24 09:00:00,2024-01-27 09:00:00
29,Chickpeas,67.78,68,2024-01-27 09:00:00,2024-01-31 09:00:00
29,Chickpeas,74.4,68,2024-01-31 09:00:00,2024-01-31 09:00:00
30,Black Beans,305.75,37,2023-06-25 09:00:00,2023-08-09 09:00:00
30,Black Beans,283.81,37,2023-08-09 09:00:00,2023-09-20 09:00:00
30,Black Beans,224.76,37,2023-09-20 09:00:00,2023-10-24 09:00:00
30,Black Beans,206.02,37,2023-10-24 09:00:00,2023-12-13 09:00:00
30,Black Beans,222.96,37,2023-12-13 09:00:00,2024-01-31 09:00:00
31,Avocado,190.49,95,2023-12-27 09:00:00,2024-01-31 09:00:00
31,Avocado,201.91,95,2024-01-31 09:00:00,2024-03-01 09:00:00
31,Avocado,159.4,95,2024-03-01 09:00:00,2024-03-31 09:00:00
31,Avocado,171.51,95,2024-03-31 09:00:00,2024-04-30 09:00:00
31,Avocado,158.17,95,2024-04-30 09:00:00,2024-05-30 09:00:00
31,Avocado,169.87,95,2024-05-30 09:00:00,2024-06-29 09:00:00
31,Avocado,212.77,95,2024-06-29 09:00:00,2024-07-29 09:00:00
31,Avocado,228.54,95,2024-07-29 09:00:00,2024-08-28 09:00:00
31,Avocado,247.78,95,2024-08-28 09:00:00,2024-01-31 09:00:00
32,Blueberries,299.87,8,2023-10-14 09:00:00,2023-11-24 09:00:00
32,Blueberries,277.61,8,2023-11-24 09:00:00,2023-12-28 09:00:00
32,Blueberries,363.46,8,2023-12-28 09:00:00,2024-01-27 09:00:00
32,Blueberries,328.88,8,2024-01-27 09:00:00,2024-01-31 09:00:00
32,Blueberries,305.63,8,2024-01-31 09:00:00,2024-03-01 09:00:00
32,Blueberries,239.61,8,2024-03-01 09:00:00,2024-03-31 09:00:00
32,Blueberries,225.47,8,2024-03-31 09:00:00,2024-04-30 09:00:00
32,Blueberries,241.26,8,2024-04-30 09:00:00,2024-05-30 09:00:00
32,Blueberries,226.14,8,2024-05-30 09:00:00,2024-01-31 09:00:00
33,Strawberries,309.04,28,2023-07-18 09:00:00,2023-08-27 09:00:00
33,Strawberries,334.4,28,2023-08-27 09:00:00,2023-10-06 09:00:00
33,Strawberries,275.98,28,2023-10-06 09:00:00,2023-11-20 09:00:00
33,Strawberries,257.94,28,2023-11-20 09:00:00,2024-01-04 09:00:00
33,Strawberries,293.2,28,2024-01-04 09:00:00,2024-01-31 09:00:00
33,Strawberries,272.03,28,2024-01-31 09:00:00,2024-03-01 09:00:00
33,Strawberries,215.34,28,2024-03-01 09:00:00,2024-03-31 09:00:00
33,Strawberries,236.05,28,2024-03-31 09:00:00,2024-04-30 09:00:00
33,Strawberries,222.9,28,2024-04-30 09:00:00,2024-05-30 09:00:00
33,Strawberries,239.28,28,2024-05-30 09:00:00,2024-06-29 09:00:00
33,Strawberries,250.71,28,2024-06-29 09:00:00,2024-01-31 09:00:00
34,Raspberries,301.12,34,2023-05-07 09:00:00,2023-06-10 09:00:00
34,Raspberries,375.25,34,2023-06-10 09:00:00,2023-08-02 09:00:00
34,Raspberries,408.99,34,2023-08-02 09:00:00,2023-09-25 09:00:00
34,Raspberries,383.09,34,2023-09-25 09:00:00,2023-11-14 09:00:00
34,Raspberries,353.58,34,2023-11-14 09:00:00,2023-12-15 09:00:00
34,Raspberries,466.3,34,2023-12-15 09:00:00,2024-01-31 09:00:00
34,Raspberries,490.81,34,2024-01-31 09:00:00,2024-01-31 09:00:00
35,Blackberries,260.39,17,2023-07-11 09:00:00,2023-08-21 09:00:00
35,Blackberries,276.22,17,2023-08-21 09:00:00,2023-10-15 09:00:00
35,Blackberries,221.05,17,2023-10-15 09:00:00,2023-11-20 09:00:00
35,Blackberries,232.19,17,2023-11-20 09:00:00,2023-12-31 09:00:00
35,Blackberries,258.5,17,2023-12-31 09:00:00,2024-01-31 09:00:00
35,Blackberries,235.24,17,2024-01-31 09:00:00,2024-03-01 09:00:00
35,Blackberries,212.87,17,2024-03-01 09:00:00,2024-03-31 09:00:00
35,Blackberries,192.81,17,2024-03-31 09:00:00,2024-04-30 09:00:00
35,Blackberries,202.59,17,2024-04-30 09:00:00,2024-05-30 09:00:00
35,Blackberries,182.79,17,2024-05-30 09:00:00,2024-01-31 09:00:00
36,Bananas,336.06,62,2023-12-11 09:00:00,2024-01-31 09:00:00
36,Bananas,314.23,62,2024-01-31 09:00:00,2024-03-01 09:00:00
36,Bananas,279.26,62,2024-03-01 09:00:00,2024-03-31 09:00:00
36,Bananas,261.46,62,2024-03-31 09:00:00,2024-04-30 09:00:00
36,Bananas,284.52,62,2024-04-30 09:00:00,2024-05-30 09:00:00
36,Bananas,302.66,62,2024-05-30 09:00:00,2024-06-29 09:00:00
36,Bananas,373.09,62,2024-06-29 09:00:00,2024-07-29 09:00:00
36,Bananas,344.46,62,2024-07-29 09:00:00,2024-08-28 09:00:00
36,Bananas,312.94,62,2024-08-28 09:00:00,2024-09-27 09:00:00
36,Bananas,247.98,62,2024-09-27 09:00:00,2024-01-31 09:00:00
37,Apples,37.93,80,2023-02-23 09:00:00,2023-04-04 09:00:00
37,Apples,28.81,80,2023-04-04 09:00:00,2023-06-01 09:00:00
37,Apples,35.81,80,2023-06-01 09:00:00,2023-07-14 09:00:00
37,Apples,32.43,80,2023-07-14 09:00:00,2023-08-25 09:00:00
37,Apples,29.41,80,2023-08-25 09:00:00,2023-09-28 09:00:00
37,Apples,23.68,80,2023-09-28 09:00:00,2023-11-18 09:00:00
37,Apples,25.57,80,2023-11-18 09:00:00,2023-12-28 09:00:00
37,Apples,32.72,80,2023-12-28 09:00:00,2024-01-31 09:00:00
37,Apples,35.93,80,2024-01-31 09:00:00,2024-03-01 09:00:00
37,Apples,27.3,80,2024-03-01 09:00:00,2024-03-31 09:00:00
37,Apples,28.88,80,2024-03-31 09:00:00,2024-01-31 09:00:00
38,Oranges,57.84,61,2023-02-28 09:00:00,2023-03-31 09:00:00
38,Oranges,43.46,61,2023-03-31 09:00:00,2023-05-09 09:00:00
38,Oranges,45.71,61,2023-05-09 09:00:00,2023-06-18 09:00:00
38,Oranges,57.57,61,2023-06-18 09:00:00,2023-07-30 09:00:00
38,Oranges,51.97,61,2023-07-30 09:00:00,2023-09-15 09:00:00
38,Oranges,42.12,61,2023-09-15 09:00:00,2023-11-14 09:00:00
38,Oranges,46.09,61,2023-11-14 09:00:00,2024-01-06 09:00:00
38,Oranges,59.72,61,2024-01-06 09:00:00,2024-01-31 09:00:00
39,Mangoes,131.11,76,2023-07-07 09:00:00,2023-09-01 09:00:00
39,Mangoes,107.31,76,2023-09-01 09:00:00,2023-10-11 09:00:00
39,Mangoes,113.69,76,2023-10-11 09:00:00,2023-11-22 09:00:00
39,Mangoes,102.38,76,2023-11-22 09:00:00,2024-01-18 09:00:00
39,Mangoes,116.65,76,2024-01-18 09:00:00,2024-01-31 09:00:00
39,Mangoes,125.17,76,2024-01-31 09:00:00,2024-03-01 09:00:00
39,Mangoes,110.67,76,2024-03-01 09:00:00,2024-03-31 09:00:00
39,Mangoes,103.2,76,2024-03-31 09:00:00,2024-04-30 09:00:00
39,Mangoes,113.49,76,2024-04-30 09:00:00,2024-05-30 09:00:00
39,Mangoes,105.93,76,2024-05-30 09:00:00,2024-06-29 09:00:00
39,Mangoes,128.31,76,2024-06-29 09:00:00,2024-07-29 09:00:00
39,Mangoes,140.39,76,2024-07-29 09:00:00,2024-01-31 09:00:00
40,Pineapple,252.51,64,2023-06-26 09:00:00,2023-08-24 09:00:00
40,Pineapple,268.86,64,2023-08-24 09:00:00,2023-09-28 09:00:00
40,Pineapple,211.84,64,2023-09-28 09:00:00,2023-11-04 09:00:00
40,Pineapple,192.16,64,2023-11-04 09:00:00,2023-12-19 09:00:00
40,Pineapple,217.15,64,2023-12-19 09:00:00,2024-01-31 09:00:00
41,Tomatoes,272.74,97,2023-05-31 09:00:00,2023-07-29 09:00:00
41,Tomatoes,296.9,97,2023-07-29 09:00:00,2023-09-22 09:00:00
41,Tomatoes,275.81,97,2023-09-22 09:00:00,2023-10-29 09:00:00
41,Tomatoes,300.81,97,2023-10-29 09:00:00,2023-12-02 09:00:00
41,Tomatoes,389.82,97,2023-12-02 09:00:00,2024-01-20 09:00:00
41,Tomatoes,414.64,97,2024-01-20 09:00:00,2024-01-31 09:00:00
42,Cucumbers,205.69,78,2023-10-27 09:00:00,2023-12-26 09:00:00
42,Cucumbers,267.1,78,2023-12-26 09:00:00,2024-01-31 09:00:00
42,Cucumbers,285.74,78,2024-01-31 09:00:00,2024-03-01 09:00:00
42,Cucumbers,223.63,78,2024-03-01 09:00:00,2024-03-31 09:00:00
42,Cucumbers,235.62,78,2024-03-31 09:00:00,2024-01-31 09:00:00
43,Bell Peppers,198.13,49,2023-04-09 09:00:00,2023-05-28 09:00:00
43,Bell Peppers,179.41,49,2023-05-28 09:00:00,2023-07-27 09:00:00
43,Bell Peppers,191.97,49,2023-07-27 09:00:00,2023-09-10 09:00:00
43,Bell Peppers,155.28,49,2023-09-10 09:00:00,2023-10-26 09:00:00
43,Bell Peppers,163.36,49,2023-10-26 09:00:00,2023-12-07 09:00:00
43,Bell Peppers,181.25,49,2023-12-07 09:00:00,2024-01-17 09:00:00
43,Bell Peppers,171.16,49,2024-01-17 09:00:00,2024-01-31 09:00:00
43,Bell Peppers,154.18,49,2024-01-31 09:00:00,2024-03-01 09:00:00
43,Bell Peppers,136.38,49,2024-03-01 09:00:00,2024-03-31 09:00:00
43,Bell Peppers,144.07,49,2024-03-31 09:00:00,2024-04-30 09:00:00
43,Bell Peppers,158.27,49,2024-04-30 09:00:00,2024-05-30 09:00:00
43,Bell Peppers,143.18,49,2024-05-30 09:00:00,2024-01-31 09:00:00
44,Zucchini,55.74,32,2023-01-31 09:00:00,2023-04-01 09:00:00
44,Zucchini,49.45,32,2023-04-01 09:00:00,2023-05-29 09:00:00
44,Zucchini,53.08,32,2023-05-29 09:00:00,2023-06-29 09:00:00
44,Zucchini,55.12,32,2023-06-29 09:00:00,2023-08-08 09:00:00
44,Zucchini,51.9,32,2023-08-08 09:00:00,2023-09-28 09:00:00
44,Zucchini,40.92,32,2023-09-28 09:00:00,2023-11-19 09:00:00
44,Zucchini,38.75,32,2023-11-19 09:00:00,2024-01-01 09:00:00
44,Zucchini,48.89,32,2024-01-01 09:00:00,2024-01-31 09:00:00
44,Zucchini,44.53,32,2024-01-31 09:00:00,2024-01-31 09:00:00
45,Eggplant,25.54,62,2023-02-25 09:00:00,2023-03-30 09:00:00
45,Eggplant,19.63,62,2023-03-30 09:00:00,2023-05-01 09:00:00
45,Eggplant,18.44,62,2023-05-01 09:00:00,2023-06-21 09:00:00
45,Eggplant,22.77,62,2023-06-21 09:00:00,2023-08-01 09:00:00
45,Eggplant,24.94,62,2023-08-01 09:00:00,2023-09-22 09:00:00
45,Eggplant,19.61,62,2023-09-22 09:00:00,2023-10-28 09:00:00
45,Eggplant,21.32,62,2023-10-28 09:00:00,2023-12-10 09:00:00
45,Eggplant,23.12,62,2023-12-10 09:00:00,2024-01-29 09:00:00
45,Eggplant,20.92,62,2024-01-29 09:00:00,2024-01-31 09:00:00
45,Eggplant,22.24,62,2024-01-31 09:00:00,2024-03-01 09:00:00
45,Eggplant,17.12,62,2024-03-01 09:00:00,2024-03-31 09:00:00
45,Eggplant,18.51,62,2024-03-31 09:00:00,2024-01-31 09:00:00
46,Asparagus,252.35,96,2023-05-13 09:00:00,2023-06-26 09:00:00
46,Asparagus,273.83,96,2023-06-26 09:00:00,2023-08-02 09:00:00
46,Asparagus,296.6,96,2023-08-02 09:00:00,2023-09-21 09:00:00
46,Asparagus,282.17,96,2023-09-21 09:00:00,2023-11-05 09:00:00
46,Asparagus,306.46,96,2023-11-05 09:00:00,2023-12-29 09:00:00
46,Asparagus,346.0,96,2023-12-29 09:00:00,2024-01-31 09:00:00
46,Asparagus,368.16,96,2024-01-31 09:00:00,2024-03-01 09:00:00
46,Asparagus,279.18,96,2024-03-01 09:00:00,2024-03-31 09:00:00
46,Asparagus,251.73,96,2024-03-31 09:00:00,2024-04-30 09:00:00
46,Asparagus,229.12,96,2024-04-30 09:00:00,2024-05-30 09:00:00
46,Asparagus,247.24,96,2024-05-30 09:00:00,2024-01-31 09:00:00
47,Green Beans,73.12,97,2023-02-18 09:00:00,2023-04-02 09:00:00
47,Green Beans,55.41,97,2023-04-02 09:00:00,2023-05-27 09:00:00
47,Green Beans,58.85,97,2023-05-27 09:00:00,2023-07-23 09:00:00
47,Green Beans,74.14,97,2023-07-23 09:00:00,2023-08-24 09:00:00
47,Green Beans,67.09,97,2023-08-24 09:00:00,2023-09-23 09:00:00
47,Green Beans,54.44,97,2023-09-23 09:00:00,2023-11-16 09:00:00
47,Green Beans,50.09,97,2023-11-16 09:00:00,2023-12-29 09:00:00
47,Green Beans,63.43,97,2023-12-29 09:00:00,2024-01-31 09:00:00
47,Green Beans,59.99,97,2024-01-31 09:00:00,2024-01-31 09:00:00
48,Peas,252.86,48,2023-12-05 09:00:00,2024-01-24 09:00:00
48,Peas,274.14,48,2024-01-24 09:00:00,2024-01-31 09:00:00
48,Peas,249.02,48,2024-01-31 09:00:00,2024-03-01 09:00:00
48,Peas,222.86,48,2024-03-01 09:00:00,2024-03-31 09:00:00
48,Peas,239.7,48,2024-03-31 09:00:00,2024-04-30 09:00:00
48,Peas,254.57,48,2024-04-30 09:00:00,2024-05-30 09:00:00
48,Peas,274.15,48,2024-05-30 09:00:00,2024-06-29 09:00:00
48,Peas,298.51,48,2024-06-29 09:00:00,2024-07-29 09:00:00
48,Peas,276.02,48,2024-07-29 09:00:00,2024-08-28 09:00:00
48,Peas,292.88,48,2024-08-28 09:00:00,2024-09-27 09:00:00
48,Peas,267.48,48,2024-09-27 09:00:00,2024-01-31 09:00:00
49,Mushrooms,222.5,85,2023-11-14 09:00:00,2023-12-21 09:00:00
49,Mushrooms,245.46,85,2023-12-21 09:00:00,2024-01-31 09:00:00
49,Mushrooms,225.34,85,2024-01-31 09:00:00,2024-03-01 09:00:00
49,Mushrooms,178.27,85,2024-03-01 09:00:00,2024-03-31 09:00:00
49,Mushrooms,161.06,85,2024-03-31 09:00:00,2024-04-30 09:00:00
49,Mushrooms,174.02,85,2024-04-30 09:00:00,2024-01-31 09:00:00
50,Onions,176.95,71,2023-02-20 09:00:00,2023-04-19 09:00:00
50,Onions,160.14,71,2023-04-19 09:00:00,2023-06-02 09:00:00
50,Onions,168.74,71,2023-06-02 09:00:00,2023-07-08 09:00:00
50,Onions,153.89,71,2023-07-08 09:00:00,2023-08-21 09:00:00
50,Onions,145.54,71,2023-08-21 09:00:00,2023-10-17 09:00:00
50,Onions,117.74,71,2023-10-17 09:00:00,2023-11-25 09:00:00
50,Onions,110.24,71,2023-11-25 09:00:00,2024-01-03 09:00:00
50,Onions,123.7,71,2024-01-03 09:00:00,2024-01-31 09:00:00
50,Onions,131.57,71,2024-01-31 09:00:00,2024-03-01 09:00:00
50,Onions,101.54,71,2024-03-01 09:00:00,2024-03-31 09:00:00
50,Onions,95.34,71,2024-03-31 09:00:00,2024-04-30 09:00:00
50,Onions,89.42,71,2024-04-30 09:00:00,2024-01-31 09:00:00
51,Garlic,286.0,65,2023-03-26 09:00:00,2023-05-23 09:00:00
51,Garlic,262.69,65,2023-05-23 09:00:00,2023-07-11 09:00:00
51,Garlic,273.24,65,2023-07-11 09:00:00,2023-08-14 09:00:00
51,Garlic,293.49,65,2023-08-14 09:00:00,2023-10-03 09:00:00
51,Garlic,274.21,65,2023-10-03 09:00:00,2024-01-31 09:00:00
52,Chicken,181.06,51,2023-09-15 09:00:00,2023-11-13 09:00:00
52,Chicken,168.68,51,2023-11-13 09:00:00,2023-12-31 09:00:00
52,Chicken,182.96,51,2023-12-31 09:00:00,2024-01-31 09:00:00
52,Chicken,168.83,51,2024-01-31 09:00:00,2024-03-01 09:00:00
52,Chicken,152.25,51,2024-03-01 09:00:00,2024-01-31 09:00:00
53,Turkey,313.07,87,2023-10-02 09:00:00,2023-12-01 09:00:00
53,Turkey,344.15,87,2023-12-01 09:00:00,2024-01-10 09:00:00
53,Turkey,311.63,87,2024-01-10 09:00:00,2024-01-31 09:00:00
53,Turkey,340.26,87,2024-01-31 09:00:00,2024-03-01 09:00:00
53,Turkey,256.53,87,2024-03-01 09:00:00,2024-01-31 09:00:00
54,Beef,163.38,37,2023-10-22 09:00:00,2023-12-17 09:00:00
54,Beef,213.97,37,2023-12-17 09:00:00,2024-01-31 09:00:00
54,Beef,231.78,37,2024-01-31 09:00:00,2024-03-01 09:00:00
54,Beef,208.77,37,2024-03-01 09:00:00,2024-03-31 09:00:00
54,Beef,198.16,37,2024-03-31 09:00:00,2024-04-30 09:00:00
54,Beef,213.73,37,2024-04-30 09:00:00,2024-05-30 09:00:00
54,Beef,230.24,37,2024-05-30 09:00:00,2024-06-29 09:00:00
54,Beef,250.18,37,2024-06-29 09:00:00,2024-07-29 09:00:00
54,Beef,268.52,37,2024-07-29 09:00:00,2024-08-28 09:00:00
54,Beef,248.41,37,2024-08-28 09:00:00,2024-01-31 09:00:00
55,Pork,152.04,47,2023-05-08 09:00:00,2023-06-19 09:00:00
55,Pork,158.49,47,2023-06-19 09:00:00,2023-08-06 09:00:00
55,Pork,170.66,47,2023-08-06 09:00:00,2023-09-09 09:00:00
55,Pork,140.41,47,2023-09-09 09:00:00,2023-11-03 09:00:00
55,Pork,131.96,47,2023-11-03 09:00:00,2023-12-18 09:00:00
55,Pork,166.49,47,2023-12-18 09:00:00,2024-01-28 09:00:00
55,Pork,177.72,47,2024-01-28 09:00:00,2024-01-31 09:00:00
56,Eggs,74.3,46,2023-12-08 09:00:00,2024-01-07 09:00:00
56,Eggs,69.07,46,2024-01-07 09:00:00,2024-01-31 09:00:00
56,Eggs,63.56,46,2024-01-31 09:00:00,2024-03-01 09:00:00
56,Eggs,57.15,46,2024-03-01 09:00:00,2024-03-31 09:00:00
56,Eggs,60.9,46,2024-03-31 09:00:00,2024-04-30 09:00:00
56,Eggs,65.18,46,2024-04-30 09:00:00,2024-05-30 09:00:00
56,Eggs,69.91,46,2024-05-30 09:00:00,2024-01-31 09:00:00
57,Yogurt,174.26,5,2023-08-16 09:00:00,2023-10-01 09:00:00
57,Yogurt,143.8,5,2023-10-01 09:00:00,2023-11-23 09:00:00
57,Yogurt,153.81,5,2023-11-23 09:00:00,2024-01-04 09:00:00
57,Yogurt,201.52,5,2024-01-04 09:00:00,2024-01-31 09:00:00
57,Yogurt,220.34,5,2024-01-31 09:00:00,2024-03-01 09:00:00
57,Yogurt,171.73,5,2024-03-01 09:00:00,2024-03-31 09:00:00
57,Yogurt,183.87,5,2024-03-31 09:00:00,2024-04-30 09:00:00
57,Yogurt,172.27,5,2024-04-30 09:00:00,2024-01-31 09:00:00
58,Cheese,219.52,60,2023-03-08 09:00:00,2023-04-09 09:00:00
58,Cheese,202.08,60,2023-04-09 09:00:00,2023-05-15 09:00:00
58,Cheese,190.84,60,2023-05-15 09:00:00,2023-06-25 09:00:00
58,Cheese,206.25,60,2023-06-25 09:00:00,2023-07-28 09:00:00
58,Cheese,186.04,60,2023-07-28 09:00:00,2023-09-10 09:00:00
58,Cheese,146.79,60,2023-09-10 09:00:00,2023-10-26 09:00:00
58,Cheese,157.99,60,2023-10-26 09:00:00,2023-12-08 09:00:00
58,Cheese,179.74,60,2023-12-08 09:00:00,2024-01-31 09:00:00
58,Cheese,167.48,60,2024-01-31 09:00:00,2024-03-01 09:00:00
58,Cheese,147.23,60,2024-03-01 09:00:00,2024-03-31 09:00:00
58,Cheese,134.76,60,2024-03-31 09:00:00,2024-01-31 09:00:00
59,Milk,287.75,70,2023-06-09 09:00:00,2023-07-26 09:00:00
59,Milk,307.61,70,2023-07-26 09:00:00,2023-09-14 09:00:00
59,Milk,243.42,70,2023-09-14 09:00:00,2023-10-14 09:00:00
59,Milk,225.22,70,2023-10-14 09:00:00,2023-12-01 09:00:00
59,Milk,286.8,70,2023-12-01 09:00:00,2024-01-18 09:00:00
59,Milk,268.0,70,2024-01-18 09:00:00,2024-01-31 09:00:00
59,Milk,246.9,70,2024-01-31 09:00:00,2024-03-01 09:00:00
59,Milk,192.7,70,2024-03-01 09:00:00,2024-03-31 09:00:00
59,Milk,209.33,70,2024-03-31 09:00:00,2024-04-30 09:00:00
59,Milk,197.11,70,2024-04-30 09:00:00,2024-05-30 09:00:00
59,Milk,183.46,70,2024-05-30 09:00:00,2024-06-29 09:00:00
59,Milk,223.66,70,2024-06-29 09:00:00,2024-01-31 09:00:00
60,Butter,111.26,46,2023-05-10 09:00:00,2023-06-14 09:00:00
60,Butter,140.55,46,2023-06-14 09:00:00,2023-07-19 09:00:00
60,Butter,127.83,46,2023-07-19 09:00:00,2023-09-12 09:00:00
60,Butter,121.0,46,2023-09-12 09:00:00,2023-11-07 09:00:00
60,Butter,128.7,46,2023-11-07 09:00:00,2023-12-16 09:00:00
60,Butter,166.32,46,2023-12-16 09:00:00,2024-01-30 09:00:00
60,Butter,180.06,46,2024-01-30 09:00:00,2024-01-31 09:00:00
60,Butter,193.78,46,2024-01-31 09:00:00,2024-01-31 09:00:00
61,Olive Oil,230.14,67,2023-03-01 09:00:00,2023-04-16 09:00:00
61,Olive Oil,215.78,67,2023-04-16 09:00:00,2023-05-23 09:00:00
61,Olive Oil,230.0,67,2023-05-23 09:00:00,2023-07-09 09:00:00
61,Olive Oil,249.91,67,2023-07-09 09:00:00,2023-08-23 09:00:00
61,Olive Oil,271.97,67,2023-08-23 09:00:00,2023-10-17 09:00:00
61,Olive Oil,258.7,67,2023-10-17 09:00:00,2023-12-01 09:00:00
61,Olive Oil,326.8,67,2023-12-01 09:00:00,2024-01-22 09:00:00
61,Olive Oil,353.62,67,2024-01-22 09:00:00,2024-01-31 09:00:00
61,Olive Oil,387.31,67,2024-01-31 09:00:00,2024-01-31 09:00:00
62,Coconut Oil,97.18,33,2023-05-02 09:00:00,2023-06-11 09:00:00
62,Coconut Oil,104.76,33,2023-06-11 09:00:00,2023-07-25 09:00:00
62,Coconut Oil,97.31,33,2023-07-25 09:00:00,2023-09-05 09:00:00
62,Coconut Oil,76.87,33,2023-09-05 09:00:00,2023-10-19 09:00:00
62,Coconut Oil,70.83,33,2023-10-19 09:00:00,2023-12-17 09:00:00
62,Coconut Oil,90.84,33,2023-12-17 09:00:00,2024-01-19 09:00:00
62,Coconut Oil,98.35,33,2024-01-19 09:00:00,2024-01-31 09:00:00
62,Coconut Oil,107.52,33,2024-01-31 09:00:00,2024-03-01 09:00:00
62,Coconut Oil,84.43,33,2024-03-01 09:00:00,2024-03-31 09:00:00
62,Coconut Oil,90.33,33,2024-03-31 09:00:00,2024-04-30 09:00:00
62,Coconut Oil,82.51,33,2024-04-30 09:00:00,2024-05-30 09:00:00
62,Coconut Oil,87.9,33,2024-05-30 09:00:00,2024-01-31 09:00:00
63,Honey,13.84,3,2023-09-07 09:00:00,2023-10-21 09:00:00
63,Honey,14.78,3,2023-10-21 09:00:00,2023-12-12 09:00:00
63,Honey,16.7,3,2023-12-12 09:00:00,2024-01-11 09:00:00
63,Honey,15.47,3,2024-01-11 09:00:00,2024-01-31 09:00:00
63,Honey,16.3,3,2024-01-31 09:00:00,2024-03-01 09:00:00
63,Honey,12.57,3,2024-03-01 09:00:00,2024-03-31 09:00:00
63,Honey,11.56,3,2024-03-31 09:00:00,2024-01-31 09:00:00
64,Maple Syrup,141.08,7,2023-06-24 09:00:00,2023-08-05 09:00:00
64,Maple Syrup,155.13,7,2023-08-05 09:00:00,2023-09-24 09:00:00
64,Maple Syrup,126.2,7,2023-09-24 09:00:00,2023-10-29 09:00:00
64,Maple Syrup,136.4,7,2023-10-29 09:00:00,2023-12-03 09:00:00
64,Maple Syrup,149.41,7,2023-12-03 09:00:00,2024-01-24 09:00:00
64,Maple Syrup,163.34,7,2024-01-24 09:00:00,2024-01-31 09:00:00
64,Maple Syrup,151.58,7,2024-01-31 09:00:00,2024-01-31 09:00:00
65,Dark Chocolate,160.5,67,2023-05-07 09:00:00,2023-06-16 09:00:00
65,Dark Chocolate,201.7,67,2023-06-16 09:00:00,2023-08-08 09:00:00
65,Dark Chocolate,213.35,67,2023-08-08 09:00:00,2023-09-12 09:00:00
65,Dark Chocolate,199.8,67,2023-09-12 09:00:00,2023-11-04 09:00:00
65,Dark Chocolate,185.91,67,2023-11-04 09:00:00,2023-12-05 09:00:00
65,Dark Chocolate,234.91,67,2023-12-05 09:00:00,2024-01-24 09:00:00
65,Dark Chocolate,247.74,67,2024-01-24 09:00:00,2024-01-31 09:00:00
65,Dark Chocolate,224.23,67,2024-01-31 09:00:00,2024-03-01 09:00:00
65,Dark Chocolate,202.14,67,2024-03-01 09:00:00,2024-03-31 09:00:00
65,Dark Chocolate,186.64,67,2024-03-31 09:00:00,2024-04-30 09:00:00
65,Dark Chocolate,196.42,67,2024-04-30 09:00:00,2024-05-30 09:00:00
65,Dark Chocolate,208.87,67,2024-05-30 09:00:00,2024-01-31 09:00:00
66,Tofu,173.9,25,2023-11-08 09:00:00,2024-01-02 09:00:00
66,Tofu,195.35,25,2024-01-02 09:00:00,2024-01-31 09:00:00
66,Tofu,207.61,25,2024-01-31 09:00:00,2024-03-01 09:00:00
66,Tofu,163.56,25,2024-03-01 09:00:00,2024-03-31 09:00:00
66,Tofu,154.32,25,2024-03-31 09:00:00,2024-04-30 09:00:00
66,Tofu,165.68,25,2024-04-30 09:00:00,2024-05-30 09:00:00
66,Tofu,181.28,25,2024-05-30 09:00:00,2024-06-29 09:00:00
66,Tofu,194.17,25,2024-06-29 09:00:00,2024-07-29 09:00:00
66,Tofu,175.77,25,2024-07-29 09:00:00,2024-01-31 09:00:00
67,Tempeh,261.22,61,2023-08-23 09:00:00,2023-10-20 09:00:00
67,Tempeh,207.18,61,2023-10-20 09:00:00,2023-11-26 09:00:00
67,Tempeh,219.58,61,2023-11-26 09:00:00,2024-01-14 09:00:00
67,Tempeh,241.46,61,2024-01-14 09:00:00,2024-01-31 09:00:00
67,Tempeh,221.78,61,2024-01-31 09:00:00,2024-03-01 09:00:00
67,Tempeh,199.72,61,2024-03-01 09:00:00,2024-03-31 09:00:00
67,Tempeh,217.35,61,2024-03-31 09:00:00,2024-04-30 09:00:00
67,Tempeh,197.53,61,2024-04-30 09:00:00,2024-05-30 09:00:00
67,Tempeh,214.59,61,2024-05-30 09:00:00,2024-06-29 09:00:00
67,Tempeh,263.6,61,2024-06-29 09:00:00,2024-07-29 09:00:00
67,Tempeh,287.49,61,2024-07-29 09:00:00,2024-01-31 09:00:00
68,Sardines,67.3,20,2023-07-22 09:00:00,2023-08-30 09:00:00
68,Sardines,72.04,20,2023-08-30 09:00:00,2023-10-04 09:00:00
68,Sardines,58.02,20,2023-10-04 09:00:00,2023-11-14 09:00:00
68,Sardines,62.16,20,2023-11-14 09:00:00,2023-12-17 09:00:00
68,Sardines,70.76,20,2023-12-17 09:00:00,2024-01-29 09:00:00
68,Sardines,64.24,20,2024-01-29 09:00:00,2024-01-31 09:00:00
68,Sardines,69.55,20,2024-01-31 09:00:00,2024-01-31 09:00:00
69,Tuna,13.42,81,2023-08-10 09:00:00,2023-09-16 09:00:00
69,Tuna,10.9,81,2023-09-16 09:00:00,2023-10-21 09:00:00
69,Tuna,11.64,81,2023-10-21 09:00:00,2023-11-26 09:00:00
69,Tuna,12.79,81,2023-11-26 09:00:00,2024-01-23 09:00:00
69,Tuna,16.28,81,2024-01-23 09:00:00,2024-01-31 09:00:00
70,Cod,45.36,17,2023-02-03 09:00:00,2023-03-21 09:00:00
70,Cod,34.95,17,2023-03-21 09:00:00,2023-05-08 09:00:00
70,Cod,38.37,17,2023-05-08 09:00:00,2023-06-13 09:00:00
70,Cod,40.88,17,2023-06-13 09:00:00,2023-07-24 09:00:00
70,Cod,44.62,17,2023-07-24 09:00:00,2023-09-02 09:00:00
70,Cod,35.08,17,2023-09-02 09:00:00,2023-10-26 09:00:00
70,Cod,32.03,17,2023-10-26 09:00:00,2024-01-31 09:00:00
71,Shrimp,177.44,67,2023-12-25 09:00:00,2024-01-31 09:00:00
71,Shrimp,166.73,67,2024-01-31 09:00:00,2024-03-01 09:00:00
71,Shrimp,147.09,67,2024-03-01 09:00:00,2024-03-31 09:00:00
71,Shrimp,136.09,67,2024-03-31 09:00:00,2024-04-30 09:00:00
71,Shrimp,127.04,67,2024-04-30 09:00:00,2024-05-30 09:00:00
71,Shrimp,139.62,67,2024-05-30 09:00:00,2024-06-29 09:00:00
71,Shrimp,145.58,67,2024-06-29 09:00:00,2024-07-29 09:00:00
71,Shrimp,160.06,67,2024-07-29 09:00:00,2024-01-31 09:00:00
72,Crab,156.02,98,2023-09-16 09:00:00,2023-11-05 09:00:00
72,Crab,147.47,98,2023-11-05 09:00:00,2023-12-15 09:00:00
72,Crab,165.9,98,2023-12-15 09:00:00,2024-01-28 09:00:00
72,Crab,154.99,98,2024-01-28 09:00:00,2024-01-31 09:00:00
72,Crab,139.78,98,2024-01-31 09:00:00,2024-03-01 09:00:00
72,Crab,107.41,98,2024-03-01 09:00:00,2024-03-31 09:00:00
72,Crab,116.38,98,2024-03-31 09:00:00,2024-04-30 09:00:00
72,Crab,125.61,98,2024-04-30 09:00:00,2024-05-30 09:00:00
72,Crab,114.24,98,2024-05-30 09:00:00,2024-06-29 09:00:00
72,Crab,121.8,98,2024-06-29 09:00:00,2024-01-31 09:00:00
73,Lobster,101.91,34,2023-09-24 09:00:00,2023-11-05 09:00:00
73,Lobster,110.41,34,2023-11-05 09:00:00,2024-01-02 09:00:00
73,Lobster,119.46,34,2024-01-02 09:00:00,2024-01-31 09:00:00
73,Lobster,107.52,34,2024-01-31 09:00:00,2024-03-01 09:00:00
73,Lobster,80.92,34,2024-03-01 09:00:00,2024-03-31 09:00:00
73,Lobster,76.06,34,2024-03-31 09:00:00,2024-04-30 09:00:00
73,Lobster,80.51,34,2024-04-30 09:00:00,2024-05-30 09:00:00
73,Lobster,74.62,34,2024-05-30 09:00:00,2024-06-29 09:00:00
73,Lobster,80.98,34,2024-06-29 09:00:00,2024-07-29 09:00:00
73,Lobster,75.54,34,2024-07-29 09:00:00,2024-08-28 09:00:00
73,Lobster,81.57,34,2024-08-28 09:00:00,2024-01-31 09:00:00
74,Clams,309.96,21,2023-08-09 09:00:00,2023-09-17 09:00:00
74,Clams,242.82,21,2023-09-17 09:00:00,2023-11-11 09:00:00
74,Clams,263.88,21,2023-11-11 09:00:00,2023-12-27 09:00:00
74,Clams,334.21,21,2023-12-27 09:00:00,2024-01-28 09:00:00
74,Clams,312.54,21,2024-01-28 09:00:00,2024-01-31 09:00:00
75,Oysters,320.94,61,2023-08-23 09:00:00,2023-10-02 09:00:00
75,Oysters,253.73,61,2023-10-02 09:00:00,2023-11-05 09:00:00
75,Oysters,230.74,61,2023-11-05 09:00:00,2023-12-06 09:00:00
75,Oysters,298.7,61,2023-12-06 09:00:00,2024-01-12 09:00:00
75,Oysters,322.46,61,2024-01-12 09:00:00,2024-01-31 09:00:00
75,Oysters,299.05,61,2024-01-31 09:00:00,2024-03-01 09:00:00
75,Oysters,228.09,61,2024-03-01 09:00:00,2024-03-31 09:00:00
75,Oysters,246.2,61,2024-03-31 09:00:00,2024-01-31 09:00:00
76,Pistachios,318.91,59,2023-02-06 09:00:00,2023-03-27 09:00:00
76,Pistachios,243.02,59,2023-03-27 09:00:00,2023-04-26 09:00:00
76,Pistachios,223.53,59,2023-04-26 09:00:00,2023-05-27 09:00:00
76,Pistachios,238.38,59,2023-05-27 09:00:00,2023-07-10 09:00:00
76,Pistachios,253.89,59,2023-07-10 09:00:00,2023-08-19 09:00:00
76,Pistachios,235.23,59,2023-08-19 09:00:00,2023-09-21 09:00:00
76,Pistachios,222.76,59,2023-09-21 09:00:00,2023-11-09 09:00:00
76,Pistachios,211.28,59,2023-11-09 09:00:00,2024-01-31 09:00:00
77,Cashews,346.6,1,2023-07-09 09:00:00,2023-08-25 09:00:00
77,Cashews,328.42,1,2023-08-25 09:00:00,2023-10-19 09:00:00
77,Cashews,269.64,1,2023-10-19 09:00:00,2023-12-06 09:00:00
77,Cashews,300.23,1,2023-12-06 09:00:00,2024-01-29 09:00:00
77,Cashews,276.44,1,2024-01-29 09:00:00,2024-01-31 09:00:00
77,Cashews,297.01,1,2024-01-31 09:00:00,2024-03-01 09:00:00
77,Cashews,268.25,1,2024-03-01 09:00:00,2024-03-31 09:00:00
77,Cashews,284.01,1,2024-03-31 09:00:00,2024-04-30 09:00:00
77,Cashews,302.27,1,2024-04-30 09:00:00,2024-01-31 09:00:00
78,Hazelnuts,181.51,22,2023-11-18 09:00:00,2024-01-08 09:00:00
78,Hazelnuts,234.07,22,2024-01-08 09:00:00,2024-01-31 09:00:00
78,Hazelnuts,222.13,22,2024-01-31 09:00:00,2024-03-01 09:00:00
78,Hazelnuts,172.31,22,2024-03-01 09:00:00,2024-03-31 09:00:00
78,Hazelnuts,161.45,22,2024-03-31 09:00:00,2024-04-30 09:00:00
78,Hazelnuts,153.03,22,2024-04-30 09:00:00,2024-05-30 09:00:00
78,Hazelnuts,163.56,22,2024-05-30 09:00:00,2024-01-31 09:00:00
79,Sunflower Seeds,270.01,76,2023-09-16 09:00:00,2023-11-06 09:00:00
79,Sunflower Seeds,291.18,76,2023-11-06 09:00:00,2023-12-13 09:00:00
79,Sunflower Seeds,372.28,76,2023-12-13 09:00:00,2024-01-14 09:00:00
79,Sunflower Seeds,395.82,76,2024-01-14 09:00:00,2024-01-31 09:00:00
79,Sunflower Seeds,364.58,76,2024-01-31 09:00:00,2024-03-01 09:00:00
79,Sunflower Seeds,284.28,76,2024-03-01 09:00:00,2024-03-31 09:00:00
79,Sunflower Seeds,262.51,76,2024-03-31 09:00:00,2024-04-30 09:00:00
79,Sunflower Seeds,285.25,76,2024-04-30 09:00:00,2024-05-30 09:00:00
79,Sunflower Seeds,262.43,76,2024-05-30 09:00:00,2024-06-29 09:00:00
79,Sunflower Seeds,273.45,76,2024-06-29 09:00:00,2024-07-29 09:00:00
79,Sunflower Seeds,288.9,76,2024-07-29 09:00:00,2024-01-31 09:00:00
80,Pumpkin Seeds,357.12,81,2023-07-02 09:00:00,2023-08-02 09:00:00
80,Pumpkin Seeds,377.84,81,2023-08-02 09:00:00,2023-09-02 09:00:00
80,Pumpkin Seeds,352.98,81,2023-09-02 09:00:00,2023-11-01 09:00:00
80,Pumpkin Seeds,378.78,81,2023-11-01 09:00:00,2023-12-23 09:00:00
80,Pumpkin Seeds,485.5,81,2023-12-23 09:00:00,2024-01-31 09:00:00
80,Pumpkin Seeds,453.2,81,2024-01-31 09:00:00,2024-03-01 09:00:00
80,Pumpkin Seeds,356.33,81,2024-03-01 09:00:00,2024-01-31 09:00:00
81,Wheat Bread,162.64,19,2023-07-25 09:00:00,2023-09-21 09:00:00
81,Wheat Bread,127.81,19,2023-09-21 09:00:00,2023-10-27 09:00:00
81,Wheat Bread,138.61,19,2023-10-27 09:00:00,2023-12-01 09:00:00
81,Wheat Bread,149.78,19,2023-12-01 09:00:00,2024-01-27 09:00:00
81,Wheat Bread,136.18,19,2024-01-27 09:00:00,2024-01-31 09:00:00
81,Wheat Bread,128.5,19,2024-01-31 09:00:00,2024-03-01 09:00:00
81,Wheat Bread,115.82,19,2024-03-01 09:00:00,2024-03-31 09:00:00
81,Wheat Bread,108.47,19,2024-03-31 09:00:00,2024-04-30 09:00:00
81,Wheat Bread,101.45,19,2024-04-30 09:00:00,2024-01-31 09:00:00
82,Rye Bread,115.05,53,2023-07-23 09:00:00,2023-08-29 09:00:00
82,Rye Bread,106.88,53,2023-08-29 09:00:00,2023-09-28 09:00:00
82,Rye Bread,98.94,53,2023-09-28 09:00:00,2023-11-21 09:00:00
82,Rye Bread,106.28,53,2023-11-21 09:00:00,2024-01-05 09:00:00
82,Rye Bread,135.73,53,2024-01-05 09:00:00,2024-01-31 09:00:00
82,Rye Bread,144.13,53,2024-01-31 09:00:00,2024-03-01 09:00:00
82,Rye Bread,109.64,53,2024-03-01 09:00:00,2024-03-31 09:00:00
82,Rye Bread,119.58,53,2024-03-31 09:00:00,2024-04-30 09:00:00
82,Rye Bread,128.99,53,2024-04-30 09:00:00,2024-05-30 09:00:00
82,Rye Bread,120.29,53,2024-05-30 09:00:00,2024-01-31 09:00:00
83,Barley,69.89,87,2023-08-17 09:00:00,2023-10-10 09:00:00
83,Barley,64.11,87,2023-10-10 09:00:00,2023-11-10 09:00:00
83,Barley,70.0,87,2023-11-10 09:00:00,2023-12-17 09:00:00
83,Barley,88.63,87,2023-12-17 09:00:00,2024-01-31 09:00:00
83,Barley,82.03,87,2024-01-31 09:00:00,2024-03-01 09:00:00
83,Barley,74.83,87,2024-03-01 09:00:00,2024-03-31 09:00:00
83,Barley,68.91,87,2024-03-31 09:00:00,2024-04-30 09:00:00
83,Barley,74.28,87,2024-04-30 09:00:00,2024-05-30 09:00:00
83,Barley,78.68,87,2024-05-30 09:00:00,2024-06-29 09:00:00
83,Barley,83.4,87,2024-06-29 09:00:00,2024-07-29 09:00:00
83,Barley,77.38,87,2024-07-29 09:00:00,2024-01-31 09:00:00
84,Millet,96.9,59,2023-05-29 09:00:00,2023-07-14 09:00:00
84,Millet,104.37,59,2023-07-14 09:00:00,2023-09-02 09:00:00
84,Millet,97.83,59,2023-09-02 09:00:00,2023-10-28 09:00:00
84,Millet,90.58,59,2023-10-28 09:00:00,2023-12-26 09:00:00
84,Millet,116.44,59,2023-12-26 09:00:00,2024-01-30 09:00:00
84,Millet,108.82,59,2024-01-30 09:00:00,2024-01-31 09:00:00
84,Millet,101.54,59,2024-01-31 09:00:00,2024-03-01 09:00:00
84,Millet,91.26,59,2024-03-01 09:00:00,2024-03-31 09:00:00
84,Millet,83.91,59,2024-03-31 09:00:00,2024-04-30 09:00:00
84,Millet,91.89,59,2024-04-30 09:00:00,2024-05-30 09:00:00
84,Millet,83.57,59,2024-05-30 09:00:00,2024-01-31 09:00:00
85,Buckwheat,140.01,5,2023-04-04 09:00:00,2023-05-18 09:00:00
85,Buckwheat,132.96,5,2023-05-18 09:00:00,2023-07-04 09:00:00
85,Buckwheat,142.37,5,2023-07-04 09:00:00,2023-08-31 09:00:00
85,Buckwheat,153.8,5,2023-08-31 09:00:00,2023-09-30 09:00:00
85,Buckwheat,141.39,5,2023-09-30 09:00:00,2023-11-01 09:00:00
85,Buckwheat,149.38,5,2023-11-01 09:00:00,2023-12-13 09:00:00
85,Buckwheat,163.22,5,2023-12-13 09:00:00,2024-01-20 09:00:00
85,Buckwheat,147.77,5,2024-01-20 09:00:00,2024-01-31 09:00:00
86,Beets,312.36,35,2023-04-10 09:00:00,2023-05-31 09:00:00
86,Beets,285.3,35,2023-05-31 09:00:00,2023-07-01 09:00:00
86,Beets,345.33,35,2023-07-01 09:00:00,2023-08-02 09:00:00
86,Beets,311.21,35,2023-08-02 09:00:00,2023-09-02 09:00:00
86,Beets,284.7,35,2023-09-02 09:00:00,2023-10-26 09:00:00
86,Beets,268.32,35,2023-10-26 09:00:00,2023-12-08 09:00:00
86,Beets,303.64,35,2023-12-08 09:00:00,2024-01-23 09:00:00
86,Beets,277.91,35,2024-01-23 09:00:00,2024-01-31 09:00:00
87,Radishes,36.55,72,2023-09-23 09:00:00,2023-11-03 09:00:00
87,Radishes,39.41,72,2023-11-03 09:00:00,2023-12-23 09:00:00
87,Radishes,51.01,72,2023-12-23 09:00:00,2024-01-31 09:00:00
87,Radishes,54.22,72,2024-01-31 09:00:00,2024-03-01 09:00:00
87,Radishes,42.49,72,2024-03-01 09:00:00,2024-01-31 09:00:00
88,Parsnips,247.68,49,2023-10-29 09:00:00,2023-12-12 09:00:00
88,Parsnips,273.77,49,2023-12-12 09:00:00,2024-01-13 09:00:00
88,Parsnips,299.66,49,2024-01-13 09:00:00,2024-01-31 09:00:00
88,Parsnips,279.0,49,2024-01-31 09:00:00,2024-03-01 09:00:00
88,Parsnips,216.66,49,2024-03-01 09:00:00,2024-03-31 09:00:00
88,Parsnips,202.21,49,2024-03-31 09:00:00,2024-04-30 09:00:00
88,Parsnips,182.95,49,2024-04-30 09:00:00,2024-05-30 09:00:00
88,Parsnips,169.79,49,2024-05-30 09:00:00,2024-06-29 09:00:00
88,Parsnips,212.54,49,2024-06-29 09:00:00,2024-01-31 09:00:00
89,Celery,45.23,57,2023-11-04 09:00:00,2024-01-01 09:00:00
89,Celery,50.95,57,2024-01-01 09:00:00,2024-01-31 09:00:00
89,Celery,48.13,57,2024-01-31 09:00:00,2024-03-01 09:00:00
89,Celery,43.01,57,2024-03-01 09:00:00,2024-03-31 09:00:00
89,Celery,45.18,57,2024-03-31 09:00:00,2024-04-30 09:00:00
89,Celery,48.79,57,2024-04-30 09:00:00,2024-05-30 09:00:00
89,Celery,52.09,57,2024-05-30 09:00:00,2024-06-29 09:00:00
89,Celery,54.74,57,2024-06-29 09:00:00,2024-07-29 09:00:00
89,Celery,49.6,57,2024-07-29 09:00:00,2024-08-28 09:00:00
89,Celery,45.84,57,2024-08-28 09:00:00,2024-09-27 09:00:00
89,Celery,36.99,57,2024-09-27 09:00:00,2024-10-27 09:00:00
89,Celery,33.51,57,2024-10-27 09:00:00,2024-01-31 09:00:00
90,Leeks,276.85,16,2023-11-22 09:00:00,2024-01-16 09:00:00
90,Leeks,305.84,16,2024-01-16 09:00:00,2024-01-31 09:00:00
90,Leeks,287.05,16,2024-01-31 09:00:00,2024-03-01 09:00:00
90,Leeks,257.18,16,2024-03-01 09:00:00,2024-03-31 09:00:00
90,Leeks,231.55,16,2024-03-31 09:00:00,2024-04-30 09:00:00
90,Leeks,246.49,16,2024-04-30 09:00:00,2024-05-30 09:00:00
90,Leeks,223.13,16,2024-05-30 09:00:00,2024-06-29 09:00:00
90,Leeks,275.09,16,2024-06-29 09:00:00,2024-07-29 09:00:00
90,Leeks,293.27,16,2024-07-29 09:00:00,2024-08-28 09:00:00
90,Leeks,316.19,16,2024-08-28 09:00:00,2024-09-27 09:00:00
90,Leeks,253.36,16,2024-09-27 09:00:00,2024-10-27 09:00:00
90,Leeks,272.22,16,2024-10-27 09:00:00,2024-01-31 09:00:00
91,Arugula,98.66,44,2023-09-26 09:00:00,2023-11-20 09:00:00
91,Arugula,104.79,44,2023-11-20 09:00:00,2024-01-12 09:00:00
91,Arugula,114.02,44,2024-01-12 09:00:00,2024-01-31 09:00:00
91,Arugula,107.54,44,2024-01-31 09:00:00,2024-03-01 09:00:00
91,Arugula,95.56,44,2024-03-01 09:00:00,2024-03-31 09:00:00
91,Arugula,102.27,44,2024-03-31 09:00:00,2024-01-31 09:00:00
92,Swiss Chard,207.46,39,2023-09-08 09:00:00,2023-11-04 09:00:00
92,Swiss Chard,196.93,39,2023-11-04 09:00:00,2024-01-01 09:00:00
92,Swiss Chard,221.14,39,2024-01-01 09:00:00,2024-01-31 09:00:00
92,Swiss Chard,240.89,39,2024-01-31 09:00:00,2024-03-01 09:00:00
92,Swiss Chard,211.82,39,2024-03-01 09:00:00,2024-03-31 09:00:00
92,Swiss Chard,231.05,39,2024-03-31 09:00:00,2024-01-31 09:00:00
93,Collard Greens,86.83,47,2023-11-27 09:00:00,2024-01-16 09:00:00
93,Collard Greens,109.75,47,2024-01-16 09:00:00,2024-01-31 09:00:00
93,Collard Greens,117.76,47,2024-01-31 09:00:00,2024-03-01 09:00:00
93,Collard Greens,90.88,47,2024-03-01 09:00:00,2024-03-31 09:00:00
93,Collard Greens,98.14,47,2024-03-31 09:00:00,2024-04-30 09:00:00
93,Collard Greens,106.6,47,2024-04-30 09:00:00,2024-05-30 09:00:00
93,Collard Greens,113.79,47,2024-05-30 09:00:00,2024-06-29 09:00:00
93,Collard Greens,123.6,47,2024-06-29 09:00:00,2024-07-29 09:00:00
93,Collard Greens,115.41,47,2024-07-29 09:00:00,2024-08-28 09:00:00
93,Collard Greens,108.74,47,2024-08-28 09:00:00,2024-09-27 09:00:00
93,Collard Greens,100.96,47,2024-09-27 09:00:00,2024-01-31 09:00:00
94,Cabbage,16.43,32,2023-10-05 09:00:00,2023-12-04 09:00:00
94,Cabbage,18.4,32,2023-12-04 09:00:00,2024-01-09 09:00:00
94,Cabbage,19.43,32,2024-01-09 09:00:00,2024-01-31 09:00:00
94,Cabbage,20.99,32,2024-01-31 09:00:00,2024-03-01 09:00:00
94,Cabbage,18.68,32,2024-03-01 09:00:00,2024-03-31 09:00:00
94,Cabbage,19.78,32,2024-03-31 09:00:00,2024-04-30 09:00:00
94,Cabbage,21.52,32,2024-04-30 09:00:00,2024-05-30 09:00:00
94,Cabbage,19.97,32,2024-05-30 09:00:00,2024-06-29 09:00:00
94,Cabbage,24.75,32,2024-06-29 09:00:00,2024-07-29 09:00:00
94,Cabbage,26.0,32,2024-07-29 09:00:00,2024-08-28 09:00:00
94,Cabbage,23.56,32,2024-08-28 09:00:00,2024-01-31 09:00:00
95,Seaweed,41.4,68,2023-08-27 09:00:00,2023-09-26 09:00:00
95,Seaweed,33.01,68,2023-09-26 09:00:00,2023-11-20 09:00:00
95,Seaweed,29.72,68,2023-11-20 09:00:00,2023-12-20 09:00:00
95,Seaweed,37.84,68,2023-12-20 09:00:00,2024-01-26 09:00:00
95,Seaweed,35.4,68,2024-01-26 09:00:00,2024-01-31 09:00:00
95,Seaweed,32.57,68,2024-01-31 09:00:00,2024-01-31 09:00:00
96,Kiwi,360.54,2,2023-07-25 09:00:00,2023-08-30 09:00:00
96,Kiwi,340.63,2,2023-08-30 09:00:00,2023-10-07 09:00:00
96,Kiwi,276.34,2,2023-10-07 09:00:00,2023-12-01 09:00:00
96,Kiwi,348.92,2,2023-12-01 09:00:00,2024-01-02 09:00:00
96,Kiwi,319.7,2,2024-01-02 09:00:00,2024-01-31 09:00:00
96,Kiwi,338.24,2,2024-01-31 09:00:00,2024-03-01 09:00:00
96,Kiwi,299.24,2,2024-03-01 09:00:00,2024-03-31 09:00:00
96,Kiwi,277.95,2,2024-03-31 09:00:00,2024-04-30 09:00:00
96,Kiwi,296.06,2,2024-04-30 09:00:00,2024-01-31 09:00:00
97,Pomegranate,277.1,29,2023-02-25 09:00:00,2023-04-07 09:00:00
97,Pomegranate,248.43,29,2023-04-07 09:00:00,2023-05-29 09:00:00
97,Pomegranate,266.77,29,2023-05-29 09:00:00,2023-06-30 09:00:00
97,Pomegranate,333.64,29,2023-06-30 09:00:00,2023-08-08 09:00:00
97,Pomegranate,359.95,29,2023-08-08 09:00:00,2023-09-19 09:00:00
97,Pomegranate,293.28,29,2023-09-19 09:00:00,2023-10-26 09:00:00
97,Pomegranate,278.18,29,2023-10-26 09:00:00,2024-01-31 09:00:00
98,Grapes,227.8,59,2023-06-29 09:00:00,2023-08-14 09:00:00
98,Grapes,205.6,59,2023-08-14 09:00:00,2023-10-01 09:00:00
98,Grapes,168.44,59,2023-10-01 09:00:00,2023-11-07 09:00:00
98,Grapes,184.98,59,2023-11-07 09:00:00,2024-01-04 09:00:00
98,Grapes,243.18,59,2024-01-04 09:00:00,2024-01-31 09:00:00
98,Grapes,227.39,59,2024-01-31 09:00:00,2024-03-01 09:00:00
98,Grapes,200.84,59,2024-03-01 09:00:00,2024-03-31 09:00:00
98,Grapes,215.8,59,2024-03-31 09:00:00,2024-04-30 09:00:00
98,Grapes,229.79,59,2024-04-30 09:00:00,2024-01-31 09:00:00
99,Peaches,36.71,23,2023-10-31 09:00:00,2023-12-16 09:00:00
99,Peaches,46.28,23,2023-12-16 09:00:00,2024-01-23 09:00:00
99,Peaches,41.68,23,2024-01-23 09:00:00,2024-01-31 09:00:00
99,Peaches,44.11,23,2024-01-31 09:00:00,2024-03-01 09:00:00
99,Peaches,39.86,23,2024-03-01 09:00:00,2024-03-31 09:00:00
99,Peaches,37.04,23,2024-03-31 09:00:00,2024-04-30 09:00:00
99,Peaches,39.86,23,2024-04-30 09:00:00,2024-05-30 09:00:00
99,Peaches,37.07,23,2024-05-30 09:00:00,2024-06-29 09:00:00
99,Peaches,39.32,23,2024-06-29 09:00:00,2024-07-29 09:00:00
99,Peaches,36.63,23,2024-07-29 09:00:00,2024-08-28 09:00:00
99,Peaches,38.69,23,2024-08-28 09:00:00,2024-01-31 09:00:00
100,Cherries,144.09,25,2023-04-18 09:00:00,2023-06-10 09:00:00
100,Cherries,174.14,25,2023-06-10 09:00:00,2023-07-31 09:00:00
100,Cherries,164.15,25,2023-07-31 09:00:00,2023-09-10 09:00:00
100,Cherries,156.94,25,2023-09-10 09:00:00,2023-11-09 09:00:00
100,Cherries,169.72,25,2023-11-09 09:00:00,2024-01-05 09:00:00
100,Cherries,185.08,25,2024-01-05 09:00:00,2024-01-31 09:00:00
100,Cherries,173.65,25,2024-01-31 09:00:00,2024-01-31 09:00:00
